{
"type": "FeatureCollection",
"name": "ade_catasto_mappe",
"xy_coordinate_resolution": 1e-06,
"features": [
{"type":"Feature","properties":{"fid":1,"gml_id":"CadastralZoning.IT.AGE.MAP.A956_000100","ADMINISTRATIVEUNIT":"A956","foglio":"0001","comune":"BOMBA"},"geometry":{"type":"MultiPolygon","coordinates":[[[[14.349228,42.045],[14.349231,42.045],[14.349268,42.045001],[14.349266,42.045019],[14.349272,42.045073],[14.349272,42.045076],[14.349279,42.045149],[14.349291,42.045266],[14.349296,42.045314],[14.34929,42.045361],[14.349283,42.045474],[14.349283,42.045476],[14.349288,42.045487],[14.349332,42.04559],[14.34935,42.04561],[14.34937,42.045631],[14.349555,42.045734],[14.349693,42.04581],[14.349711,42.045828],[14.349743,42.045867],[14.349791,42.045934],[14.349829,42.045958],[14.349881,42.04599],[14.350015,42.046026],[14.350046,42.046052],[14.350234,42.046238],[14.350258,42.04633],[14.350293,42.046359],[14.350316,42.046377],[14.350599,42.046406],[14.350646,42.046341],[14.350673,42.046302],[14.350704,42.04627],[14.350746,42.046242],[14.350826,42.046187],[14.350973,42.046057],[14.351058,42.045989],[14.351136,42.045921],[14.351145,42.045912],[14.35118,42.045892],[14.351319,42.045811],[14.351334,42.04578],[14.35134,42.045771],[14.351471,42.04567],[14.351482,42.045662],[14.351483,42.045655],[14.351484,42.045653],[14.351497,42.04559],[14.351522,42.045473],[14.351526,42.045465],[14.351569,42.045419],[14.351585,42.045402],[14.351595,42.04539],[14.351635,42.045345],[14.351651,42.045327],[14.351681,42.045289],[14.35169,42.045281],[14.351727,42.045239],[14.351775,42.04521],[14.351851,42.045161],[14.351905,42.04513],[14.352015,42.045043],[14.352109,42.044972],[14.352264,42.044886],[14.352272,42.044882],[14.352321,42.044893],[14.352328,42.044894],[14.352487,42.044913],[14.352564,42.04493],[14.352617,42.044943],[14.352651,42.044955],[14.352738,42.044983],[14.352816,42.045015],[14.352936,42.045066],[14.353022,42.045101],[14.353371,42.045244],[14.353524,42.045301],[14.353527,42.045301],[14.35356,42.045308],[14.35369,42.045337],[14.353855,42.045372],[14.353865,42.045374],[14.354217,42.04545],[14.354236,42.045454],[14.354255,42.045458],[14.354338,42.045474],[14.354477,42.045502],[14.354494,42.045505],[14.35461,42.04559],[14.354803,42.045727],[14.354701,42.045743],[14.354655,42.045754],[14.354685,42.045856],[14.354861,42.046041],[14.354877,42.046058],[14.354932,42.046121],[14.354969,42.046159],[14.354974,42.046165],[14.355018,42.046211],[14.355099,42.046301],[14.355257,42.046467],[14.355643,42.046616],[14.355736,42.046651],[14.355844,42.046695],[14.355841,42.046698],[14.355769,42.046776],[14.355645,42.046899],[14.355603,42.046951],[14.355586,42.046973],[14.355535,42.047036],[14.355457,42.047123],[14.355314,42.047286],[14.35529,42.047303],[14.355241,42.047337],[14.355178,42.047367],[14.355037,42.047434],[14.354946,42.047476],[14.354856,42.047518],[14.354853,42.04752],[14.354792,42.047557],[14.354752,42.047582],[14.354624,42.04771],[14.354366,42.04797],[14.354363,42.047973],[14.354408,42.047962],[14.354691,42.047897],[14.354913,42.047829],[14.354964,42.047815],[14.355028,42.047804],[14.355277,42.047805],[14.3555,42.047805],[14.355511,42.047805],[14.355539,42.047804],[14.355547,42.047804],[14.355552,42.047784],[14.355567,42.047758],[14.355885,42.047831],[14.355881,42.04784],[14.355867,42.047877],[14.355956,42.047932],[14.35619,42.048086],[14.356253,42.048111],[14.356338,42.048126],[14.356351,42.048212],[14.356351,42.048221],[14.356348,42.048257],[14.356347,42.04826],[14.356347,42.048269],[14.356343,42.04832],[14.356342,42.048341],[14.356341,42.048344],[14.356339,42.048369],[14.356336,42.048376],[14.356335,42.048378],[14.356336,42.048426],[14.356335,42.048459],[14.356319,42.048467],[14.356238,42.048496],[14.356229,42.048524],[14.356216,42.048565],[14.35621,42.048577],[14.356208,42.048592],[14.356194,42.048639],[14.356184,42.04873],[14.356183,42.04874],[14.356189,42.048754],[14.356195,42.048771],[14.356198,42.048778],[14.356237,42.048803],[14.35627,42.048814],[14.356335,42.048838],[14.356338,42.048841],[14.356432,42.048895],[14.356484,42.048926],[14.356513,42.048942],[14.356523,42.048948],[14.356534,42.048955],[14.356713,42.049063],[14.356837,42.049136],[14.357022,42.049248],[14.357177,42.049323],[14.357209,42.049344],[14.357213,42.049393],[14.357211,42.049394],[14.357209,42.049396],[14.357213,42.049396],[14.357138,42.049515],[14.357086,42.0496],[14.357027,42.049702],[14.35701,42.049769],[14.356985,42.049868],[14.356994,42.049923],[14.356997,42.04994],[14.35701,42.050021],[14.357011,42.050029],[14.35702,42.050052],[14.357024,42.050064],[14.357029,42.050076],[14.357054,42.050138],[14.357074,42.050187],[14.357095,42.050275],[14.357106,42.050322],[14.357114,42.050352],[14.357118,42.050421],[14.35712,42.05045],[14.357121,42.050456],[14.357124,42.050502],[14.357131,42.050594],[14.357126,42.050622],[14.357118,42.050662],[14.357104,42.050735],[14.357081,42.050849],[14.357066,42.05096],[14.357057,42.051014],[14.357047,42.051064],[14.357038,42.051101],[14.357025,42.05115],[14.357008,42.051217],[14.357006,42.051225],[14.356984,42.051329],[14.356937,42.051471],[14.356875,42.051459],[14.356738,42.051434],[14.356583,42.051407],[14.356276,42.051349],[14.35615,42.051324],[14.356069,42.051418],[14.355983,42.051484],[14.355917,42.051528],[14.355795,42.051608],[14.355672,42.051671],[14.355584,42.051709],[14.355411,42.051784],[14.355326,42.051725],[14.355234,42.051798],[14.355165,42.051844],[14.355058,42.051905],[14.354958,42.051952],[14.354889,42.05197],[14.354787,42.051988],[14.354673,42.051989],[14.35456,42.051988],[14.354654,42.052112],[14.354756,42.052266],[14.354892,42.05243],[14.355104,42.052689],[14.355136,42.05268],[14.355267,42.052823],[14.355365,42.052933],[14.355269,42.05298],[14.355196,42.052991],[14.355126,42.053007],[14.355015,42.053031],[14.354976,42.05295],[14.354874,42.052974],[14.354728,42.053012],[14.354677,42.053031],[14.354572,42.053068],[14.354539,42.053086],[14.35462,42.053257],[14.354526,42.053281],[14.354466,42.053295],[14.354418,42.053383],[14.354383,42.053387],[14.354297,42.053393],[14.354155,42.0534],[14.35402,42.053413],[14.353846,42.053436],[14.353745,42.053452],[14.353651,42.053469],[14.353491,42.053465],[14.353369,42.053479],[14.353237,42.053526],[14.353185,42.053568],[14.353138,42.053608],[14.353101,42.053669],[14.353042,42.053769],[14.352974,42.053886],[14.352929,42.053962],[14.35293,42.054055],[14.352932,42.054142],[14.352945,42.05421],[14.352953,42.054253],[14.352962,42.054343],[14.352994,42.054436],[14.353037,42.054466],[14.35309,42.054511],[14.353124,42.054539],[14.353185,42.054585],[14.353246,42.05464],[14.353302,42.05469],[14.353375,42.054806],[14.353414,42.054861],[14.353442,42.054936],[14.353488,42.054914],[14.353729,42.054761],[14.354124,42.054504],[14.354197,42.054557],[14.354354,42.054703],[14.354439,42.054822],[14.354516,42.054938],[14.354543,42.054924],[14.354695,42.054858],[14.355069,42.054695],[14.355118,42.054747],[14.355167,42.054724],[14.355313,42.054609],[14.355551,42.054468],[14.355718,42.054372],[14.35573,42.054332],[14.355815,42.054064],[14.355927,42.054157],[14.356039,42.054271],[14.35612,42.054334],[14.356211,42.054415],[14.356313,42.054487],[14.356416,42.054541],[14.356427,42.054546],[14.35631,42.054651],[14.356276,42.054682],[14.356256,42.054699],[14.356205,42.054744],[14.356036,42.054892],[14.355998,42.054925],[14.355787,42.055136],[14.355735,42.055191],[14.355662,42.055267],[14.355569,42.055434],[14.355561,42.055448],[14.355543,42.055451],[14.355509,42.055456],[14.355524,42.055509],[14.355529,42.055522],[14.355564,42.055618],[14.355571,42.055644],[14.355601,42.055759],[14.355611,42.055795],[14.355614,42.055806],[14.355643,42.055903],[14.355749,42.05608],[14.355885,42.056381],[14.355956,42.056622],[14.356037,42.056901],[14.356008,42.057177],[14.356006,42.057513],[14.356005,42.057688],[14.356005,42.057779],[14.356005,42.057786],[14.355987,42.057936],[14.35597,42.05797],[14.355951,42.058007],[14.35594,42.058029],[14.355921,42.058068],[14.355958,42.058185],[14.355976,42.058238],[14.355983,42.05826],[14.355994,42.058294],[14.356181,42.058691],[14.356222,42.058872],[14.356245,42.058905],[14.356259,42.058927],[14.356285,42.058957],[14.356295,42.058969],[14.356259,42.059085],[14.35612,42.059199],[14.356101,42.059243],[14.356064,42.059326],[14.356062,42.059336],[14.356029,42.059504],[14.356019,42.059525],[14.355997,42.059571],[14.355989,42.059586],[14.355972,42.059619],[14.355943,42.059671],[14.355939,42.059679],[14.355933,42.059689],[14.355921,42.05971],[14.355913,42.059748],[14.355895,42.059823],[14.355882,42.059879],[14.355881,42.059892],[14.355865,42.060059],[14.355755,42.060797],[14.35565,42.061464],[14.354754,42.061367],[14.354208,42.061304],[14.353554,42.061234],[14.353513,42.061227],[14.353268,42.061188],[14.352943,42.061143],[14.352866,42.061137],[14.352787,42.061126],[14.352583,42.061099],[14.35236,42.061067],[14.351759,42.060978],[14.351283,42.060907],[14.351255,42.060904],[14.35117,42.060888],[14.350933,42.060748],[14.350624,42.060566],[14.350538,42.060514],[14.350316,42.060385],[14.350472,42.060257],[14.350536,42.060208],[14.350686,42.060069],[14.350921,42.059886],[14.351183,42.059682],[14.35135,42.059504],[14.351459,42.059382],[14.351482,42.059143],[14.351355,42.058903],[14.351202,42.058611],[14.350855,42.058414],[14.350469,42.058199],[14.349974,42.058001],[14.349466,42.057932],[14.348846,42.05785],[14.348293,42.057785],[14.347662,42.057795],[14.347413,42.057773],[14.34727,42.05776],[14.347258,42.057759],[14.346889,42.057729],[14.346521,42.057726],[14.346175,42.057728],[14.345954,42.057725],[14.345825,42.057748],[14.345746,42.057808],[14.345684,42.057832],[14.34549,42.057825],[14.345301,42.057822],[14.345015,42.057704],[14.344792,42.057546],[14.34457,42.057193],[14.344474,42.057037],[14.344435,42.056656],[14.344705,42.056297],[14.345016,42.055979],[14.345133,42.055856],[14.345239,42.055752],[14.345401,42.055513],[14.345617,42.055334],[14.345701,42.054855],[14.345762,42.054495],[14.345593,42.054049],[14.345431,42.053603],[14.345207,42.052998],[14.345147,42.05254],[14.345117,42.052282],[14.345135,42.05212],[14.345173,42.052044],[14.345311,42.05184],[14.345382,42.051734],[14.345405,42.051514],[14.345428,42.05133],[14.345446,42.051179],[14.345392,42.050803],[14.345354,42.0505],[14.345105,42.049962],[14.344811,42.049616],[14.34462,42.04939],[14.34429,42.049135],[14.344135,42.048769],[14.344132,42.048199],[14.344135,42.047848],[14.344078,42.047129],[14.344379,42.04687],[14.344815,42.046501],[14.345009,42.046265],[14.345187,42.046042],[14.34535,42.045736],[14.345499,42.045458],[14.345536,42.045209],[14.345579,42.044909],[14.3461,42.044938],[14.346112,42.044939],[14.346685,42.04497],[14.346829,42.044976],[14.347105,42.044993],[14.347111,42.044993],[14.347169,42.044993],[14.347202,42.044994],[14.347218,42.044994],[14.347527,42.045003],[14.347537,42.045004],[14.347664,42.045007],[14.347669,42.045007],[14.347927,42.045006],[14.348171,42.045003],[14.348387,42.045004],[14.348413,42.045003],[14.34847,42.045003],[14.348819,42.044999],[14.349052,42.045],[14.349228,42.044997],[14.349228,42.045]],[[14.357012,42.049279],[14.356907,42.049213],[14.356682,42.049077],[14.356483,42.048959],[14.356344,42.048875],[14.356291,42.048853],[14.356169,42.048798],[14.356142,42.048736],[14.356184,42.048491],[14.356255,42.048401],[14.356281,42.048305],[14.356302,42.048255],[14.356281,42.048237],[14.356288,42.048209],[14.356303,42.048178],[14.356226,42.04815],[14.355938,42.047953],[14.355899,42.04804],[14.355917,42.048119],[14.355913,42.048167],[14.356139,42.04826],[14.356066,42.048364],[14.355988,42.048363],[14.355961,42.048435],[14.355991,42.048449],[14.355885,42.048529],[14.355878,42.048687],[14.356018,42.048662],[14.356078,42.04878],[14.355935,42.048835],[14.355773,42.048977],[14.355698,42.049085],[14.355683,42.049173],[14.355719,42.049257],[14.355727,42.049273],[14.35569,42.049319],[14.355679,42.049335],[14.355736,42.04936],[14.35586,42.049406],[14.35602,42.049498],[14.35612,42.049533],[14.35612,42.049634],[14.35614,42.049722],[14.356353,42.049618],[14.356686,42.049451],[14.357012,42.049279]]]]}},
{"type":"Feature","properties":{"fid":2,"gml_id":"CadastralZoning.IT.AGE.MAP.A956_0001A0","ADMINISTRATIVEUNIT":"A956","foglio":"0001","comune":"BOMBA"},"geometry":{"type":"MultiPolygon","coordinates":[[[[14.353484,42.054916],[14.35344,42.054938],[14.353422,42.054873],[14.353389,42.054819],[14.353308,42.054694],[14.353278,42.054668],[14.35325,42.054636],[14.353184,42.05458],[14.353122,42.054534],[14.353045,42.054467],[14.352999,42.054435],[14.352974,42.054356],[14.352959,42.054309],[14.352945,42.054206],[14.352935,42.054117],[14.352937,42.054038],[14.352937,42.053971],[14.352997,42.053864],[14.353073,42.053731],[14.353141,42.053611],[14.353193,42.053569],[14.353246,42.05352],[14.353311,42.053498],[14.353343,42.053488],[14.353463,42.05348],[14.353626,42.053468],[14.353752,42.05345],[14.353891,42.053433],[14.35402,42.053418],[14.354098,42.053408],[14.354235,42.053404],[14.354336,42.053393],[14.35442,42.053382],[14.354469,42.053297],[14.354503,42.053289],[14.354557,42.053278],[14.354627,42.053262],[14.354593,42.053197],[14.354562,42.053139],[14.354534,42.053086],[14.354727,42.053011],[14.354821,42.052985],[14.35497,42.052947],[14.355014,42.053032],[14.35509,42.053016],[14.355133,42.053006],[14.355198,42.052992],[14.35526,42.052981],[14.355326,42.052951],[14.355365,42.052932],[14.355258,42.052816],[14.355142,42.052687],[14.355115,42.052704],[14.354987,42.052549],[14.35475,42.052265],[14.354626,42.05209],[14.354556,42.05199],[14.354617,42.051991],[14.354735,42.051993],[14.354829,42.051989],[14.354878,42.051976],[14.354947,42.051959],[14.354973,42.051952],[14.35504,42.051917],[14.355071,42.051902],[14.355147,42.051856],[14.355204,42.051823],[14.355255,42.05178],[14.35532,42.051729],[14.355405,42.051789],[14.355499,42.051748],[14.355581,42.051714],[14.355667,42.051673],[14.355745,42.051643],[14.355793,42.051615],[14.355869,42.051572],[14.355885,42.051556],[14.355903,42.051542],[14.355935,42.051523],[14.355995,42.051478],[14.356031,42.051447],[14.356069,42.051416],[14.356111,42.051377],[14.356138,42.051349],[14.356154,42.051326],[14.356445,42.051381],[14.356756,42.051441],[14.356875,42.051461],[14.356936,42.051476],[14.356934,42.051482],[14.356931,42.05149],[14.356889,42.05159],[14.35688,42.051605],[14.356876,42.051611],[14.356804,42.051735],[14.356746,42.051793],[14.356679,42.051861],[14.356672,42.051869],[14.356587,42.051924],[14.356564,42.051937],[14.356556,42.051942],[14.356511,42.051968],[14.356247,42.052121],[14.356113,42.052198],[14.356071,42.052222],[14.356004,42.052261],[14.355954,42.052291],[14.355928,42.052325],[14.355928,42.052325],[14.355928,42.052325],[14.35593,42.05235],[14.355931,42.052368],[14.356,42.052458],[14.356048,42.052519],[14.356048,42.05252],[14.356075,42.052561],[14.356075,42.052561],[14.35609,42.052592],[14.356112,42.05264],[14.356111,42.052651],[14.356111,42.052659],[14.356109,42.052692],[14.356108,42.0527],[14.356106,42.052717],[14.356104,42.052738],[14.356095,42.052765],[14.356084,42.052798],[14.356084,42.052807],[14.356086,42.052823],[14.356083,42.052835],[14.356082,42.052841],[14.356099,42.052843],[14.356117,42.052842],[14.35625,42.052837],[14.35626,42.052837],[14.35637,42.052836],[14.356404,42.052836],[14.3565,42.052841],[14.356629,42.052838],[14.356612,42.052908],[14.356578,42.05304],[14.356564,42.053095],[14.356517,42.05327],[14.356567,42.053279],[14.356689,42.053295],[14.356776,42.053305],[14.356704,42.05346],[14.35663,42.05362],[14.356542,42.053805],[14.356465,42.053958],[14.356411,42.054064],[14.356277,42.054305],[14.356214,42.054416],[14.356145,42.054346],[14.356068,42.054292],[14.355997,42.054224],[14.355921,42.054151],[14.355865,42.054096],[14.355825,42.054065],[14.355791,42.054178],[14.355771,42.054234],[14.355727,42.054371],[14.355631,42.054427],[14.355569,42.054463],[14.355465,42.054527],[14.355364,42.054585],[14.355332,42.054601],[14.355171,42.054726],[14.355128,42.05475],[14.355074,42.054696],[14.354858,42.054788],[14.354657,42.054873],[14.35454,42.054923],[14.354518,42.054933],[14.354499,42.054908],[14.354462,42.054852],[14.354441,42.054819],[14.354403,42.054766],[14.354373,42.054719],[14.354308,42.054658],[14.354238,42.054594],[14.354209,42.054566],[14.354155,42.05453],[14.35412,42.054507],[14.354029,42.054564],[14.35387,42.054668],[14.353662,42.054802],[14.353484,42.054916]]]]}},
{"type":"Feature","properties":{"fid":3,"gml_id":"CadastralZoning.IT.AGE.MAP.A956_0001B0","ADMINISTRATIVEUNIT":"A956","foglio":"0001","comune":"BOMBA"},"geometry":{"type":"MultiPolygon","coordinates":[[[[14.356186,42.048094],[14.356186,42.048094],[14.356186,42.048094],[14.356222,42.048107],[14.356252,42.048118],[14.356338,42.048126],[14.356352,42.048207],[14.356348,42.048257],[14.356347,42.048269],[14.356342,42.048341],[14.356339,42.048369],[14.356337,42.048389],[14.356336,42.048426],[14.356336,42.048459],[14.356314,42.04847],[14.356234,42.048509],[14.356216,42.048565],[14.3562,42.04862],[14.356194,42.048638],[14.356183,42.04874],[14.356198,42.048778],[14.356222,42.048793],[14.356237,42.048803],[14.356292,42.048822],[14.356331,42.048836],[14.356336,42.048838],[14.356353,42.048849],[14.356484,42.048926],[14.356499,42.048934],[14.356514,42.048943],[14.356518,42.048945],[14.356523,42.048948],[14.356534,42.048955],[14.356713,42.049063],[14.357022,42.049248],[14.357049,42.049262],[14.357013,42.049278],[14.356822,42.049382],[14.356606,42.049496],[14.356426,42.049584],[14.35627,42.049662],[14.356141,42.049725],[14.356135,42.049696],[14.356131,42.049669],[14.356128,42.04963],[14.35613,42.049565],[14.356131,42.049535],[14.356019,42.049492],[14.355963,42.049461],[14.355874,42.049411],[14.355787,42.049378],[14.355683,42.049334],[14.355721,42.049276],[14.355708,42.049241],[14.355677,42.049174],[14.355699,42.049083],[14.355748,42.049016],[14.35578,42.048975],[14.35579,42.048967],[14.355845,42.048919],[14.355895,42.048876],[14.355932,42.048842],[14.356004,42.048814],[14.356058,42.048795],[14.356076,42.048787],[14.356047,42.048736],[14.356014,42.048673],[14.355942,42.048683],[14.355875,42.048691],[14.355881,42.04858],[14.355887,42.048529],[14.355992,42.048453],[14.355961,42.048439],[14.355991,42.048364],[14.356071,42.048363],[14.356134,42.04826],[14.356017,42.048211],[14.355912,42.048167],[14.355914,42.048106],[14.355904,42.048041],[14.355937,42.047947],[14.355956,42.047932],[14.355956,42.047932],[14.355975,42.047946],[14.356186,42.048094]]]]}},
{"type":"Feature","properties":{"fid":4,"gml_id":"CadastralZoning.IT.AGE.MAP.A956_000200","ADMINISTRATIVEUNIT":"A956","foglio":"0002","comune":"BOMBA"},"geometry":{"type":"MultiPolygon","coordinates":[[[[14.374409,42.049677],[14.37441,42.049708],[14.374451,42.049839],[14.374543,42.050134],[14.374547,42.050147],[14.374581,42.050256],[14.374933,42.050179],[14.375015,42.050157],[14.375107,42.050135],[14.375341,42.050078],[14.375469,42.050047],[14.375636,42.04998],[14.375661,42.050176],[14.375801,42.050228],[14.375821,42.05025],[14.375947,42.050321],[14.376022,42.050274],[14.376129,42.050225],[14.376197,42.050347],[14.376304,42.050539],[14.376411,42.050738],[14.376529,42.050959],[14.37664,42.051164],[14.376751,42.051369],[14.376841,42.051535],[14.377005,42.051484],[14.377149,42.05146],[14.377222,42.051699],[14.377184,42.051691],[14.37718,42.051739],[14.377182,42.051757],[14.377208,42.051923],[14.377184,42.052041],[14.377123,42.052118],[14.377035,42.05223],[14.377189,42.052334],[14.377122,42.052499],[14.376973,42.052867],[14.376881,42.053099],[14.376812,42.053272],[14.376801,42.053299],[14.376694,42.053288],[14.376213,42.05324],[14.376091,42.053231],[14.376173,42.053476],[14.376246,42.053692],[14.376343,42.053982],[14.376409,42.054179],[14.376653,42.054121],[14.376722,42.054185],[14.376795,42.054293],[14.376865,42.054399],[14.376888,42.054425],[14.376956,42.054504],[14.37708,42.054647],[14.377048,42.054663],[14.377154,42.054858],[14.377193,42.054929],[14.377299,42.055125],[14.377373,42.055261],[14.377381,42.055308],[14.377391,42.055368],[14.377404,42.055393],[14.377423,42.055429],[14.377539,42.055655],[14.377596,42.055768],[14.377612,42.055813],[14.377665,42.055957],[14.377717,42.056101],[14.377768,42.056243],[14.37766,42.056292],[14.377591,42.056342],[14.377474,42.056426],[14.377442,42.056441],[14.37728,42.056513],[14.377183,42.056556],[14.377095,42.056608],[14.377084,42.056616],[14.377025,42.056662],[14.376943,42.056705],[14.37697,42.056751],[14.377055,42.056886],[14.377159,42.057051],[14.377277,42.05724],[14.376851,42.057331],[14.376734,42.057357],[14.37665,42.057326],[14.376538,42.057289],[14.376377,42.057237],[14.376218,42.057185],[14.375813,42.057054],[14.375525,42.056957],[14.375334,42.056895],[14.375215,42.056858],[14.375029,42.056797],[14.374888,42.05675],[14.37487,42.056745],[14.374842,42.056729],[14.374802,42.056715],[14.374769,42.056703],[14.374723,42.056697],[14.374601,42.056678],[14.374575,42.056672],[14.374542,42.056674],[14.374496,42.056677],[14.374435,42.056672],[14.374337,42.056664],[14.374282,42.056666],[14.374069,42.056682],[14.373921,42.056694],[14.373799,42.056711],[14.37378,42.056718],[14.373746,42.056733],[14.373665,42.056767],[14.37355,42.056808],[14.373487,42.056829],[14.373489,42.056841],[14.373509,42.056911],[14.373497,42.056988],[14.373435,42.057005],[14.373395,42.057001],[14.373347,42.057],[14.373198,42.057007],[14.373114,42.057014],[14.37309,42.057015],[14.372969,42.05701],[14.372815,42.057002],[14.372678,42.056995],[14.372485,42.056983],[14.372341,42.056976],[14.372196,42.056966],[14.37203,42.056958],[14.371927,42.056978],[14.371457,42.057063],[14.37128,42.057098],[14.37125,42.057104],[14.371231,42.057107],[14.371214,42.057111],[14.371202,42.057107],[14.371146,42.05708],[14.371053,42.05712],[14.370798,42.057116],[14.370638,42.057112],[14.370519,42.057114],[14.370372,42.057121],[14.370321,42.057131],[14.37023,42.057144],[14.370178,42.057152],[14.370109,42.057159],[14.370033,42.057166],[14.369993,42.057167],[14.369946,42.057166],[14.369791,42.057162],[14.369626,42.057161],[14.369606,42.057162],[14.369497,42.057181],[14.369381,42.057204],[14.369312,42.057219],[14.369238,42.057205],[14.369093,42.057175],[14.368957,42.057142],[14.368891,42.057153],[14.36887,42.05716],[14.36882,42.057177],[14.368761,42.057232],[14.368669,42.057216],[14.368569,42.057274],[14.368445,42.057343],[14.368432,42.05735],[14.368351,42.057371],[14.368245,42.05744],[14.368221,42.057455],[14.36808,42.05747],[14.367958,42.057518],[14.367908,42.057541],[14.367889,42.057479],[14.367871,42.057486],[14.367795,42.057521],[14.367711,42.057548],[14.367584,42.05758],[14.367512,42.057586],[14.367484,42.057594],[14.367443,42.057613],[14.367374,42.057641],[14.367283,42.057672],[14.367239,42.057681],[14.367201,42.057685],[14.367172,42.057678],[14.367133,42.057678],[14.367054,42.057681],[14.36697,42.057687],[14.36686,42.057696],[14.366692,42.057724],[14.366301,42.057792],[14.366251,42.057801],[14.366226,42.057808],[14.366055,42.057894],[14.366004,42.057923],[14.365959,42.05797],[14.365934,42.057994],[14.365924,42.057996],[14.365849,42.057995],[14.365817,42.057995],[14.365682,42.058002],[14.365518,42.05801],[14.365381,42.058021],[14.365344,42.058019],[14.36531,42.057994],[14.365285,42.057991],[14.36527,42.05799],[14.365222,42.057996],[14.365163,42.058014],[14.365106,42.058038],[14.365035,42.058075],[14.364982,42.058095],[14.36492,42.058142],[14.364902,42.058162],[14.364893,42.058178],[14.364875,42.058227],[14.364862,42.058269],[14.364829,42.058296],[14.364761,42.05834],[14.364701,42.058375],[14.364622,42.058423],[14.364596,42.058461],[14.364571,42.058506],[14.364549,42.058537],[14.364538,42.058559],[14.364533,42.058578],[14.364515,42.058601],[14.364476,42.058627],[14.36443,42.058648],[14.364385,42.058659],[14.364311,42.058662],[14.364255,42.058669],[14.36419,42.058695],[14.36407,42.058748],[14.364014,42.058756],[14.363956,42.058768],[14.363811,42.058813],[14.363718,42.058844],[14.363624,42.058882],[14.363558,42.058927],[14.36351,42.058959],[14.363447,42.059004],[14.363434,42.059012],[14.363394,42.059015],[14.363346,42.059016],[14.363311,42.059023],[14.363252,42.059047],[14.363213,42.059064],[14.363138,42.059124],[14.363105,42.059152],[14.363,42.059266],[14.362948,42.059314],[14.362896,42.059347],[14.362806,42.059395],[14.362728,42.059432],[14.362706,42.059448],[14.362651,42.059429],[14.362584,42.05941],[14.362531,42.059387],[14.362519,42.05938],[14.362505,42.059371],[14.36249,42.059328],[14.362435,42.059201],[14.362423,42.059171],[14.362414,42.059113],[14.362404,42.059074],[14.362389,42.05905],[14.362357,42.059022],[14.362294,42.058975],[14.362202,42.05891],[14.362194,42.058908],[14.362094,42.058968],[14.361961,42.059047],[14.361821,42.059131],[14.361716,42.059192],[14.361682,42.059209],[14.361637,42.059221],[14.361566,42.059237],[14.361406,42.059263],[14.36132,42.059263],[14.361282,42.059266],[14.361108,42.05929],[14.360957,42.059313],[14.360821,42.059338],[14.360749,42.059353],[14.360617,42.059355],[14.360571,42.059359],[14.360467,42.059382],[14.360322,42.059417],[14.360022,42.059493],[14.359996,42.059497],[14.359884,42.059502],[14.359835,42.059503],[14.359777,42.059494],[14.359563,42.059458],[14.359497,42.059453],[14.359464,42.059456],[14.359052,42.059537],[14.358799,42.059587],[14.3585,42.059645],[14.358234,42.059697],[14.358218,42.059698],[14.35808,42.059704],[14.357868,42.059717],[14.357767,42.059724],[14.357663,42.059733],[14.357569,42.059744],[14.357536,42.059748],[14.357473,42.059759],[14.357314,42.059789],[14.35708,42.059833],[14.356855,42.059874],[14.356653,42.05991],[14.356604,42.059921],[14.356377,42.05996],[14.356079,42.060017],[14.355955,42.060037],[14.35593,42.060042],[14.355865,42.060059],[14.355879,42.059916],[14.355882,42.059879],[14.355895,42.059823],[14.355921,42.05971],[14.355939,42.059679],[14.355972,42.059619],[14.355997,42.059571],[14.356029,42.059504],[14.356062,42.059336],[14.356064,42.059326],[14.356101,42.059243],[14.35612,42.059199],[14.356259,42.059085],[14.356295,42.058969],[14.356285,42.058957],[14.356259,42.058927],[14.356245,42.058905],[14.356222,42.058872],[14.356181,42.058691],[14.355994,42.058294],[14.355983,42.05826],[14.355976,42.058238],[14.355958,42.058185],[14.355921,42.058068],[14.35594,42.058029],[14.355951,42.058007],[14.35597,42.05797],[14.355987,42.057936],[14.356005,42.057786],[14.356005,42.057779],[14.356005,42.057688],[14.356006,42.057512],[14.356007,42.057346],[14.356008,42.057177],[14.356009,42.057171],[14.356029,42.056976],[14.356037,42.056901],[14.355962,42.056641],[14.355956,42.056622],[14.355885,42.056381],[14.355858,42.056321],[14.355855,42.056315],[14.355852,42.056309],[14.355749,42.05608],[14.355643,42.055903],[14.355614,42.055806],[14.355611,42.055795],[14.355601,42.055759],[14.355571,42.055644],[14.355564,42.055618],[14.355529,42.055522],[14.355524,42.055509],[14.355509,42.055456],[14.355543,42.055451],[14.355561,42.055448],[14.355569,42.055434],[14.355662,42.055267],[14.355735,42.055191],[14.355787,42.055136],[14.355997,42.054925],[14.356036,42.054892],[14.356205,42.054744],[14.356256,42.054699],[14.356276,42.054682],[14.35631,42.054651],[14.356427,42.054546],[14.356416,42.054541],[14.356344,42.054503],[14.356313,42.054487],[14.356294,42.054474],[14.35621,42.054415],[14.356277,42.054305],[14.356381,42.054118],[14.356411,42.054064],[14.356427,42.054032],[14.356465,42.053958],[14.356542,42.053805],[14.356587,42.05371],[14.35661,42.053663],[14.35663,42.05362],[14.356776,42.053305],[14.356732,42.0533],[14.356688,42.053294],[14.356567,42.053279],[14.356517,42.05327],[14.356564,42.053095],[14.356578,42.05304],[14.356587,42.053005],[14.356619,42.05288],[14.356629,42.052838],[14.356676,42.052838],[14.356743,42.052842],[14.356894,42.052853],[14.357127,42.052867],[14.357184,42.05287],[14.357255,42.052877],[14.357295,42.052879],[14.357414,42.052888],[14.357558,42.052895],[14.357618,42.052897],[14.357819,42.0529],[14.358011,42.052898],[14.358041,42.052823],[14.358073,42.052716],[14.358089,42.052661],[14.358097,42.052625],[14.358099,42.0526],[14.35812,42.052552],[14.358167,42.052452],[14.358166,42.05241],[14.358409,42.052376],[14.358399,42.052247],[14.35796,42.052326],[14.357653,42.052384],[14.357613,42.052392],[14.35745,42.052407],[14.357136,42.052432],[14.35683,42.052463],[14.35669,42.052477],[14.356418,42.052517],[14.356075,42.052561],[14.356048,42.05252],[14.356,42.052458],[14.355931,42.052368],[14.35593,42.05235],[14.355928,42.052325],[14.355954,42.052291],[14.356113,42.052198],[14.356247,42.052121],[14.356511,42.051968],[14.356587,42.051924],[14.356671,42.05187],[14.356746,42.051793],[14.356804,42.051735],[14.356889,42.05159],[14.356931,42.05149],[14.356937,42.051471],[14.356955,42.051416],[14.356984,42.051329],[14.356996,42.051274],[14.357006,42.051225],[14.357025,42.05115],[14.357047,42.051064],[14.357066,42.05096],[14.357081,42.050849],[14.357104,42.050735],[14.357118,42.050662],[14.357131,42.050594],[14.357121,42.050456],[14.357118,42.050421],[14.357114,42.050352],[14.357106,42.050322],[14.357095,42.050275],[14.357074,42.050187],[14.357054,42.050138],[14.357024,42.050064],[14.357011,42.050029],[14.356997,42.04994],[14.356985,42.049868],[14.35701,42.049769],[14.357027,42.049702],[14.357086,42.0496],[14.357138,42.049515],[14.357211,42.049396],[14.357563,42.049429],[14.357894,42.049459],[14.358031,42.049533],[14.358123,42.049583],[14.358126,42.049599],[14.358127,42.049606],[14.358132,42.04963],[14.358154,42.049682],[14.358159,42.049694],[14.358161,42.049699],[14.358192,42.049718],[14.358233,42.04977],[14.358296,42.049849],[14.358314,42.049892],[14.358586,42.049974],[14.358779,42.050027],[14.358811,42.050036],[14.358832,42.050042],[14.358835,42.050043],[14.358944,42.050092],[14.358991,42.050166],[14.359035,42.050236],[14.3591,42.05026],[14.35911,42.050196],[14.359118,42.050159],[14.359088,42.050151],[14.359133,42.050086],[14.359145,42.049992],[14.359297,42.050047],[14.359356,42.050072],[14.359517,42.050123],[14.359654,42.050166],[14.359784,42.050204],[14.359884,42.050234],[14.359906,42.050235],[14.359966,42.050238],[14.359998,42.050234],[14.360041,42.050221],[14.360081,42.050204],[14.360152,42.050164],[14.360258,42.050094],[14.36031,42.05],[14.360334,42.049954],[14.360335,42.049899],[14.360329,42.049867],[14.360305,42.04983],[14.360254,42.049768],[14.360192,42.049691],[14.3602,42.049636],[14.360205,42.049599],[14.360212,42.049544],[14.360228,42.049501],[14.36024,42.049471],[14.360289,42.049414],[14.360319,42.049385],[14.360358,42.049348],[14.360409,42.049335],[14.360436,42.049328],[14.360463,42.049327],[14.360604,42.049324],[14.360758,42.049321],[14.360784,42.04932],[14.360919,42.049318],[14.361008,42.049316],[14.361194,42.049332],[14.361344,42.049398],[14.361522,42.049477],[14.361599,42.04951],[14.361722,42.04956],[14.361974,42.049667],[14.362105,42.049709],[14.362203,42.049741],[14.362311,42.049777],[14.362386,42.049801],[14.362405,42.049803],[14.362435,42.049806],[14.362464,42.049803],[14.362509,42.049798],[14.362546,42.049787],[14.362575,42.049776],[14.362634,42.049728],[14.362667,42.049702],[14.362739,42.049643],[14.362744,42.049646],[14.362803,42.049677],[14.362814,42.049683],[14.362933,42.049709],[14.363042,42.049737],[14.36309,42.049749],[14.36317,42.04974],[14.363251,42.049734],[14.363253,42.049734],[14.363257,42.049733],[14.363267,42.049733],[14.363278,42.049732],[14.363279,42.049732],[14.363349,42.049774],[14.363446,42.049828],[14.363449,42.049828],[14.363467,42.049827],[14.363493,42.049826],[14.363589,42.04982],[14.363595,42.04982],[14.363605,42.049817],[14.363613,42.049815],[14.363629,42.049807],[14.363663,42.049799],[14.363688,42.049802],[14.363759,42.049837],[14.363784,42.049849],[14.36386,42.049884],[14.363986,42.049909],[14.364148,42.049932],[14.364151,42.049932],[14.364153,42.049933],[14.364208,42.049939],[14.364225,42.049941],[14.364275,42.049884],[14.364455,42.049875],[14.36468,42.049867],[14.364757,42.04986],[14.364783,42.049858],[14.364831,42.049854],[14.364927,42.049832],[14.364927,42.049832],[14.364963,42.049824],[14.364965,42.049823],[14.364964,42.049823],[14.365024,42.049798],[14.365131,42.04975],[14.365182,42.049731],[14.365199,42.049724],[14.365297,42.049703],[14.365398,42.049679],[14.365473,42.049661],[14.365477,42.04966],[14.365543,42.049643],[14.365625,42.049613],[14.365715,42.049568],[14.365714,42.049571],[14.365724,42.049566],[14.365726,42.049565],[14.365728,42.049564],[14.365731,42.049563],[14.365742,42.04956],[14.365758,42.049556],[14.365758,42.049554],[14.365768,42.049552],[14.365769,42.049553],[14.365827,42.04954],[14.365902,42.049524],[14.365912,42.049524],[14.366023,42.049541],[14.366079,42.049549],[14.36615,42.049559],[14.36615,42.049557],[14.366154,42.049543],[14.366174,42.049459],[14.366229,42.04946],[14.366233,42.04946],[14.366249,42.049459],[14.366248,42.04946],[14.366261,42.049459],[14.366292,42.049458],[14.366369,42.049449],[14.366374,42.049582],[14.366379,42.049638],[14.366386,42.049893],[14.366388,42.049912],[14.366362,42.049927],[14.366328,42.049947],[14.366323,42.049963],[14.366295,42.050062],[14.366343,42.050274],[14.366374,42.05037],[14.366375,42.050374],[14.366384,42.050374],[14.366432,42.050376],[14.366433,42.050376],[14.366543,42.050382],[14.36658,42.050383],[14.366631,42.050386],[14.366632,42.050386],[14.366657,42.050328],[14.366657,42.050327],[14.366678,42.050278],[14.366741,42.050204],[14.366787,42.050149],[14.36687,42.050108],[14.366939,42.050102],[14.366943,42.050102],[14.366944,42.050102],[14.366961,42.0501],[14.366962,42.0501],[14.367081,42.05009],[14.36711,42.050083],[14.367213,42.050057],[14.367244,42.050054],[14.367292,42.050065],[14.367487,42.050112],[14.367741,42.050168],[14.367757,42.050168],[14.367766,42.050168],[14.367782,42.050168],[14.367882,42.050142],[14.368085,42.050165],[14.368154,42.050173],[14.368177,42.050192],[14.368279,42.05026],[14.368435,42.050351],[14.368544,42.050408],[14.368563,42.050416],[14.368594,42.050431],[14.368636,42.050451],[14.368732,42.050472],[14.368798,42.050485],[14.368896,42.050532],[14.369176,42.050596],[14.369427,42.050598],[14.369488,42.0506],[14.369668,42.050622],[14.369827,42.050644],[14.369945,42.050656],[14.370096,42.050675],[14.370293,42.05069],[14.370308,42.050704],[14.370335,42.050726],[14.370603,42.050758],[14.370705,42.050741],[14.370705,42.050741],[14.370991,42.050693],[14.371029,42.050655],[14.371034,42.050651],[14.371046,42.050641],[14.371051,42.050636],[14.371052,42.050636],[14.371053,42.050635],[14.371177,42.050566],[14.371299,42.050528],[14.371407,42.050475],[14.371451,42.050454],[14.371462,42.050451],[14.371503,42.050437],[14.371541,42.05042],[14.371592,42.050397],[14.371722,42.050346],[14.371804,42.050314],[14.371852,42.050296],[14.371942,42.050259],[14.37218,42.050189],[14.372708,42.050163],[14.373061,42.050142],[14.373063,42.050142],[14.373069,42.050139],[14.373107,42.050122],[14.373266,42.05006],[14.373357,42.050027],[14.373457,42.049999],[14.37355,42.049975],[14.373617,42.049958],[14.373737,42.049929],[14.373869,42.049908],[14.373938,42.049901],[14.373943,42.0499],[14.374071,42.04983],[14.37417,42.049783],[14.374371,42.049694],[14.374409,42.049677]]]]}},
{"type":"Feature","properties":{"fid":5,"gml_id":"CadastralZoning.IT.AGE.MAP.A956_0002A0","ADMINISTRATIVEUNIT":"A956","foglio":"0002","comune":"BOMBA"},"geometry":{"type":"MultiPolygon","coordinates":[[[[14.35626,42.052837],[14.356117,42.052842],[14.356099,42.052843],[14.356082,42.052841],[14.356086,42.052823],[14.356084,42.052798],[14.356104,42.052738],[14.356107,42.052706],[14.356109,42.052693],[14.356111,42.052659],[14.356111,42.052651],[14.356112,42.05264],[14.35609,42.052592],[14.356074,42.052559],[14.356784,42.052464],[14.357618,42.052388],[14.357991,42.052314],[14.358403,42.052242],[14.358406,42.052306],[14.35841,42.052369],[14.35817,42.052406],[14.358168,42.052452],[14.358112,42.052571],[14.3581,42.052602],[14.35809,42.05266],[14.358073,42.052708],[14.358061,42.052751],[14.358014,42.052901],[14.357676,42.052893],[14.357471,42.052888],[14.357334,42.052877],[14.356662,42.052835],[14.356629,42.052838],[14.356499,42.052841],[14.356404,42.052836],[14.35626,42.052837]]]]}},
{"type":"Feature","properties":{"fid":6,"gml_id":"CadastralZoning.IT.AGE.MAP.A956_000300","ADMINISTRATIVEUNIT":"A956","foglio":"0003","comune":"BOMBA"},"geometry":{"type":"MultiPolygon","coordinates":[[[[14.386525,42.047523],[14.386485,42.047662],[14.386445,42.047772],[14.386432,42.047799],[14.386436,42.047804],[14.386435,42.047808],[14.386551,42.047976],[14.386492,42.048013],[14.386522,42.048073],[14.386529,42.048092],[14.386543,42.048114],[14.386549,42.048126],[14.386668,42.048318],[14.387009,42.048713],[14.387025,42.048724],[14.387019,42.048727],[14.386968,42.04876],[14.386929,42.048938],[14.386817,42.049003],[14.386669,42.048895],[14.386664,42.048896],[14.386469,42.048918],[14.386506,42.049013],[14.386553,42.049138],[14.386594,42.049249],[14.386598,42.049259],[14.386594,42.049281],[14.386569,42.049391],[14.386526,42.049605],[14.386464,42.049856],[14.386442,42.049955],[14.386405,42.050137],[14.386644,42.050079],[14.386911,42.049927],[14.387314,42.050255],[14.38689,42.050657],[14.386702,42.051072],[14.386686,42.051107],[14.386561,42.051376],[14.386558,42.051385],[14.386552,42.051404],[14.38656,42.051556],[14.386563,42.051608],[14.386563,42.05161],[14.386522,42.052149],[14.386529,42.052241],[14.386541,42.052413],[14.386572,42.052868],[14.386573,42.052876],[14.386569,42.052902],[14.386564,42.053053],[14.386558,42.053153],[14.386556,42.053195],[14.386542,42.053423],[14.38648,42.053631],[14.386489,42.054146],[14.386474,42.054278],[14.386455,42.054389],[14.386472,42.054853],[14.38647,42.055123],[14.386468,42.055603],[14.386598,42.055625],[14.38663,42.055629],[14.38663,42.055633],[14.386611,42.055788],[14.386604,42.055839],[14.386586,42.055927],[14.386557,42.056068],[14.386557,42.056071],[14.386589,42.056188],[14.386601,42.056228],[14.386605,42.056229],[14.386606,42.056232],[14.386532,42.056417],[14.386531,42.056422],[14.386304,42.05667],[14.386223,42.056692],[14.386206,42.056813],[14.386204,42.056813],[14.386206,42.056824],[14.386205,42.056826],[14.386225,42.056967],[14.386244,42.057096],[14.386231,42.057202],[14.386225,42.057255],[14.386223,42.057266],[14.386224,42.057272],[14.386228,42.057362],[14.38626,42.058303],[14.38626,42.05831],[14.386259,42.058334],[14.386258,42.058338],[14.386255,42.058385],[14.386794,42.058383],[14.387563,42.058349],[14.387578,42.058349],[14.387809,42.058379],[14.387863,42.058387],[14.387873,42.058389],[14.387929,42.058397],[14.388817,42.058526],[14.388706,42.058671],[14.388416,42.058875],[14.388101,42.059214],[14.38776,42.059352],[14.387556,42.059487],[14.387027,42.059608],[14.386441,42.059921],[14.386254,42.059999],[14.386043,42.060028],[14.386032,42.060028],[14.38601,42.060348],[14.385984,42.060349],[14.38571,42.060368],[14.385472,42.06076],[14.385483,42.060983],[14.385484,42.061079],[14.385475,42.061207],[14.385475,42.061223],[14.385166,42.06129],[14.385148,42.061377],[14.385107,42.061551],[14.385074,42.061581],[14.384878,42.061596],[14.384482,42.061545],[14.384229,42.061484],[14.384039,42.061423],[14.383914,42.061421],[14.383895,42.061425],[14.383827,42.06121],[14.383751,42.061138],[14.383652,42.060982],[14.383595,42.060873],[14.383584,42.060582],[14.383564,42.060583],[14.383369,42.060567],[14.383082,42.060486],[14.382961,42.060268],[14.382628,42.060062],[14.382393,42.059827],[14.382226,42.059798],[14.382117,42.059726],[14.382077,42.059687],[14.382003,42.059665],[14.381918,42.05968],[14.381709,42.059643],[14.38158,42.059583],[14.381508,42.05957],[14.381505,42.059418],[14.381502,42.059308],[14.381501,42.059209],[14.381467,42.059108],[14.381351,42.05913],[14.381193,42.058852],[14.381133,42.058806],[14.381105,42.058736],[14.381092,42.058702],[14.381108,42.058618],[14.380345,42.058587],[14.38013,42.058513],[14.379844,42.058417],[14.379825,42.058409],[14.379698,42.058368],[14.37957,42.058325],[14.379264,42.05822],[14.379154,42.058182],[14.379054,42.058148],[14.378895,42.058094],[14.378245,42.057866],[14.378235,42.057866],[14.377997,42.057786],[14.377713,42.057684],[14.377688,42.057678],[14.377408,42.057581],[14.37708,42.057472],[14.376734,42.057357],[14.37685,42.057332],[14.377277,42.05724],[14.37697,42.05675],[14.376943,42.056705],[14.377025,42.056662],[14.377095,42.056608],[14.377183,42.056556],[14.377475,42.056426],[14.377506,42.056404],[14.37766,42.056292],[14.377768,42.056243],[14.377596,42.055768],[14.377539,42.055655],[14.377391,42.055368],[14.377373,42.055261],[14.377348,42.055215],[14.377048,42.054663],[14.37708,42.054647],[14.376865,42.054399],[14.376722,42.054185],[14.376653,42.054121],[14.376408,42.054179],[14.376343,42.053982],[14.376246,42.053692],[14.376091,42.053231],[14.376212,42.05324],[14.376801,42.053299],[14.376812,42.053272],[14.376973,42.052867],[14.377189,42.052334],[14.377035,42.05223],[14.377184,42.052041],[14.377208,42.051923],[14.37718,42.051739],[14.377184,42.051691],[14.377222,42.051699],[14.377149,42.05146],[14.377005,42.051484],[14.376953,42.0515],[14.376841,42.051535],[14.376639,42.051163],[14.376411,42.050738],[14.376304,42.050538],[14.376129,42.050225],[14.376022,42.050274],[14.375947,42.050321],[14.375821,42.05025],[14.375801,42.050228],[14.375661,42.050177],[14.375636,42.04998],[14.375469,42.050047],[14.375461,42.050049],[14.375016,42.050157],[14.374933,42.050179],[14.374581,42.050256],[14.374419,42.049736],[14.37441,42.049707],[14.374404,42.049669],[14.374895,42.049288],[14.375089,42.049065],[14.375168,42.048902],[14.375214,42.048694],[14.375217,42.048555],[14.375338,42.048324],[14.375356,42.048187],[14.375515,42.047923],[14.37564,42.047416],[14.375627,42.047385],[14.375642,42.047289],[14.375875,42.04725],[14.376036,42.047181],[14.376041,42.047156],[14.376102,42.047109],[14.376262,42.047152],[14.376302,42.047162],[14.37641,42.047191],[14.376515,42.047219],[14.376524,42.047221],[14.376529,42.047223],[14.376625,42.047248],[14.376635,42.047252],[14.376704,42.047281],[14.376823,42.047328],[14.376905,42.047359],[14.376914,42.04736],[14.377097,42.047379],[14.37732,42.047403],[14.37776,42.047449],[14.377825,42.047455],[14.377829,42.047456],[14.377865,42.047459],[14.377921,42.047456],[14.378096,42.047445],[14.378101,42.047444],[14.378172,42.04744],[14.378272,42.047351],[14.378366,42.047268],[14.378394,42.047243],[14.378447,42.047222],[14.378548,42.047182],[14.378558,42.047171],[14.378566,42.047162],[14.378578,42.04715],[14.378635,42.047126],[14.378669,42.047112],[14.378779,42.047066],[14.378802,42.047043],[14.378844,42.047001],[14.378863,42.046982],[14.378881,42.046963],[14.378919,42.046926],[14.378947,42.046898],[14.378968,42.046876],[14.378974,42.04687],[14.379012,42.046844],[14.379025,42.046835],[14.379054,42.046816],[14.379066,42.046808],[14.379082,42.046797],[14.379193,42.046721],[14.379301,42.046626],[14.379307,42.046622],[14.379312,42.046618],[14.379336,42.046596],[14.379373,42.046561],[14.379438,42.046497],[14.379487,42.046435],[14.379513,42.046402],[14.379567,42.04639],[14.379792,42.046316],[14.379999,42.046285],[14.380098,42.046264],[14.380485,42.046279],[14.380494,42.04628],[14.380702,42.046302],[14.380804,42.046292],[14.380863,42.046285],[14.380903,42.046289],[14.381203,42.046318],[14.381264,42.046303],[14.381305,42.046293],[14.381507,42.046323],[14.381669,42.046357],[14.381681,42.046367],[14.381797,42.04645],[14.383197,42.046538],[14.383263,42.046556],[14.383405,42.046597],[14.383493,42.046622],[14.383498,42.046625],[14.383502,42.046627],[14.383538,42.046644],[14.383559,42.046655],[14.383589,42.04667],[14.383685,42.046683],[14.383863,42.046707],[14.384249,42.046759],[14.38437,42.04676],[14.384893,42.046765],[14.384951,42.046765],[14.38542,42.046731],[14.385483,42.046746],[14.385549,42.046762],[14.385702,42.046755],[14.385756,42.046753],[14.386179,42.046696],[14.386575,42.046536],[14.386595,42.046527],[14.38661,42.04651],[14.386648,42.046529],[14.386698,42.046553],[14.386798,42.046579],[14.386763,42.046689],[14.386714,42.046862],[14.386623,42.04718],[14.386525,42.047523]]]]}},
{"type":"Feature","properties":{"fid":7,"gml_id":"CadastralZoning.IT.AGE.MAP.A956_000400","ADMINISTRATIVEUNIT":"A956","foglio":"0004","comune":"BOMBA"},"geometry":{"type":"MultiPolygon","coordinates":[[[[14.3974,42.050106],[14.39748,42.050185],[14.397569,42.050225],[14.397582,42.05023],[14.397732,42.050272],[14.39786,42.050349],[14.398018,42.050388],[14.398366,42.05046],[14.398571,42.050454],[14.398624,42.050459],[14.399041,42.050497],[14.399486,42.050518],[14.399602,42.050502],[14.399866,42.050523],[14.400008,42.05053],[14.400433,42.05071],[14.400627,42.050861],[14.400705,42.05091],[14.400795,42.050961],[14.40088,42.050997],[14.400898,42.051176],[14.400941,42.051343],[14.400977,42.051444],[14.401011,42.051556],[14.40104,42.051667],[14.400967,42.051732],[14.400835,42.051915],[14.400779,42.052065],[14.400718,42.052161],[14.400615,42.052391],[14.400595,42.05301],[14.400506,42.052973],[14.400444,42.052949],[14.400415,42.052939],[14.400114,42.053079],[14.399916,42.05319],[14.399691,42.053292],[14.399322,42.053478],[14.399313,42.053483],[14.399087,42.053631],[14.398849,42.0538],[14.398592,42.053907],[14.398539,42.053922],[14.398438,42.053968],[14.398309,42.053992],[14.398264,42.054006],[14.398173,42.054047],[14.398037,42.054122],[14.397941,42.054152],[14.397892,42.054168],[14.39765,42.054244],[14.397367,42.05433],[14.397077,42.054432],[14.397044,42.054447],[14.396967,42.054479],[14.396949,42.0545],[14.397106,42.054654],[14.396981,42.054711],[14.39688,42.054801],[14.396691,42.054829],[14.396629,42.054873],[14.396381,42.055065],[14.396184,42.055149],[14.396169,42.055159],[14.396138,42.055187],[14.396093,42.055222],[14.39589,42.055144],[14.395688,42.055285],[14.395517,42.055405],[14.39527,42.055477],[14.394927,42.0556],[14.39485,42.055634],[14.394698,42.055662],[14.394572,42.055678],[14.394538,42.055751],[14.394425,42.055748],[14.394211,42.055817],[14.39403,42.05586],[14.393983,42.055865],[14.393844,42.0559],[14.393795,42.055899],[14.393737,42.055903],[14.393657,42.055929],[14.393515,42.055956],[14.393505,42.055956],[14.393442,42.055964],[14.393356,42.05597],[14.393083,42.056064],[14.392975,42.05611],[14.392854,42.056155],[14.392674,42.056201],[14.392622,42.056221],[14.392554,42.056238],[14.392441,42.056256],[14.392299,42.056336],[14.392091,42.056425],[14.391813,42.05654],[14.39166,42.05658],[14.39136,42.056651],[14.391179,42.056708],[14.391064,42.056758],[14.391064,42.05685],[14.390981,42.056882],[14.39077,42.056968],[14.390706,42.056942],[14.390592,42.056872],[14.390495,42.056829],[14.390486,42.056833],[14.390467,42.056841],[14.390336,42.056913],[14.390307,42.056945],[14.390259,42.056996],[14.390128,42.057057],[14.390113,42.057082],[14.390084,42.057202],[14.390061,42.057299],[14.390041,42.057336],[14.390026,42.057372],[14.389838,42.057457],[14.389838,42.057462],[14.389839,42.057577],[14.389704,42.057808],[14.389496,42.057909],[14.389493,42.057966],[14.389487,42.057971],[14.389459,42.057996],[14.389427,42.058016],[14.389236,42.058134],[14.389147,42.05819],[14.389043,42.058246],[14.389034,42.058251],[14.388971,42.058302],[14.38895,42.058374],[14.388934,42.058442],[14.388931,42.058451],[14.388819,42.058526],[14.387929,42.058397],[14.387873,42.058389],[14.387863,42.058387],[14.387809,42.058379],[14.387578,42.058349],[14.387563,42.058349],[14.386794,42.058383],[14.386255,42.058385],[14.386259,42.058334],[14.38626,42.058303],[14.386228,42.057362],[14.386223,42.057266],[14.386244,42.057096],[14.386225,42.056967],[14.386205,42.056826],[14.386206,42.056824],[14.386204,42.056813],[14.386206,42.056813],[14.386223,42.056692],[14.386272,42.056679],[14.386304,42.05667],[14.386531,42.056422],[14.386532,42.056417],[14.386606,42.056232],[14.386605,42.056229],[14.386601,42.056228],[14.386557,42.056068],[14.386604,42.055839],[14.38663,42.055629],[14.386598,42.055625],[14.386468,42.055603],[14.38647,42.055123],[14.386472,42.054853],[14.386455,42.054389],[14.386474,42.054278],[14.386489,42.054146],[14.38648,42.053631],[14.386542,42.053423],[14.386558,42.053153],[14.386564,42.053053],[14.386569,42.052902],[14.386573,42.052876],[14.386572,42.052868],[14.38656,42.052684],[14.38655,42.052545],[14.386541,42.052413],[14.386529,42.052241],[14.386522,42.052149],[14.386563,42.05161],[14.386563,42.051608],[14.38656,42.051556],[14.386552,42.051404],[14.386558,42.051385],[14.386561,42.051376],[14.386686,42.051106],[14.386702,42.051072],[14.38689,42.050657],[14.386895,42.050653],[14.387314,42.050255],[14.387313,42.050254],[14.386911,42.049927],[14.386644,42.050079],[14.386405,42.050137],[14.386442,42.049955],[14.386464,42.049856],[14.386526,42.049605],[14.386569,42.049391],[14.386594,42.049281],[14.386598,42.049259],[14.386594,42.049249],[14.386553,42.049138],[14.386506,42.049013],[14.386468,42.048918],[14.386664,42.048896],[14.386669,42.048895],[14.386817,42.049003],[14.386929,42.048938],[14.386968,42.04876],[14.387021,42.048726],[14.387025,42.048724],[14.387009,42.048713],[14.386668,42.048318],[14.386549,42.048126],[14.386543,42.048114],[14.386529,42.048092],[14.386522,42.048073],[14.386492,42.048013],[14.386551,42.047976],[14.386435,42.047808],[14.386436,42.047804],[14.386432,42.047799],[14.386445,42.047772],[14.386485,42.047662],[14.386763,42.046689],[14.386797,42.046582],[14.38729,42.046683],[14.387334,42.046692],[14.387515,42.046684],[14.387786,42.046703],[14.387923,42.046708],[14.388023,42.04671],[14.388205,42.046706],[14.388209,42.046706],[14.388337,42.046703],[14.388395,42.046611],[14.388389,42.046572],[14.388483,42.046529],[14.388532,42.046506],[14.388699,42.046339],[14.388768,42.046315],[14.388868,42.04628],[14.38895,42.046275],[14.389019,42.046239],[14.389086,42.046105],[14.389205,42.046054],[14.389491,42.04597],[14.389665,42.045967],[14.389752,42.046006],[14.389863,42.04601],[14.39014,42.045932],[14.390281,42.045928],[14.390428,42.045868],[14.390555,42.045834],[14.39071,42.045792],[14.390732,42.045686],[14.390792,42.045634],[14.390902,42.045609],[14.391041,42.045579],[14.391415,42.045588],[14.391501,42.045585],[14.391498,42.045562],[14.391404,42.045203],[14.391308,42.044893],[14.391291,42.044858],[14.39125,42.044774],[14.391175,42.044459],[14.391291,42.044462],[14.39154,42.044338],[14.391785,42.044208],[14.391811,42.044204],[14.391878,42.044192],[14.392179,42.044091],[14.392352,42.044013],[14.392552,42.043984],[14.392619,42.043937],[14.392743,42.043923],[14.39273,42.043735],[14.392713,42.043536],[14.392715,42.043341],[14.392796,42.043304],[14.392959,42.043277],[14.39302,42.043228],[14.393139,42.043187],[14.39336,42.043097],[14.393403,42.043069],[14.393447,42.043042],[14.39386,42.043515],[14.394313,42.044117],[14.394417,42.044248],[14.394443,42.044343],[14.394497,42.044529],[14.39451,42.044571],[14.394469,42.044663],[14.39447,42.044795],[14.3945,42.044836],[14.394581,42.044946],[14.39465,42.045041],[14.394653,42.045046],[14.394665,42.045067],[14.394711,42.045076],[14.394917,42.045412],[14.394974,42.045538],[14.395092,42.045935],[14.395082,42.046138],[14.395148,42.046266],[14.395224,42.046347],[14.395257,42.046436],[14.39523,42.046894],[14.395441,42.047064],[14.395498,42.047107],[14.395789,42.047571],[14.395888,42.047692],[14.396136,42.048021],[14.396242,42.048151],[14.396374,42.048341],[14.396544,42.048688],[14.396781,42.049375],[14.397182,42.049795],[14.397249,42.049868],[14.3974,42.050106]]]]}},
{"type":"Feature","properties":{"fid":8,"gml_id":"CadastralZoning.IT.AGE.MAP.A956_000500","ADMINISTRATIVEUNIT":"A956","foglio":"0005","comune":"BOMBA"},"geometry":{"type":"MultiPolygon","coordinates":[[[[14.349268,42.045001],[14.349231,42.045],[14.349228,42.045],[14.349228,42.044997],[14.349052,42.045],[14.348819,42.044999],[14.34847,42.045003],[14.348416,42.045003],[14.348413,42.045003],[14.348387,42.045004],[14.348171,42.045003],[14.347927,42.045006],[14.347664,42.045007],[14.347527,42.045003],[14.347218,42.044994],[14.347202,42.044994],[14.347169,42.044993],[14.347111,42.044993],[14.347105,42.044993],[14.346829,42.044976],[14.346685,42.04497],[14.346112,42.044939],[14.3461,42.044938],[14.345578,42.044909],[14.345613,42.044389],[14.345697,42.044168],[14.345709,42.044142],[14.345727,42.044088],[14.345763,42.044],[14.345798,42.043908],[14.345879,42.043707],[14.345922,42.043599],[14.345934,42.043555],[14.34592,42.043497],[14.345852,42.043258],[14.345787,42.043022],[14.345757,42.042921],[14.345777,42.042386],[14.345703,42.041818],[14.345522,42.041177],[14.345651,42.040618],[14.345879,42.040253],[14.346099,42.040332],[14.346367,42.040427],[14.346578,42.040468],[14.346739,42.04047],[14.347012,42.040566],[14.347302,42.040584],[14.347337,42.040586],[14.347662,42.040506],[14.347995,42.040664],[14.348062,42.040696],[14.348126,42.040697],[14.348199,42.040669],[14.348204,42.040667],[14.34821,42.040669],[14.348251,42.040686],[14.348494,42.040791],[14.348496,42.040792],[14.348523,42.040804],[14.348609,42.040826],[14.348642,42.04084],[14.348684,42.040858],[14.348711,42.040869],[14.348767,42.040797],[14.348836,42.040816],[14.348975,42.040895],[14.349023,42.040858],[14.349118,42.040897],[14.349269,42.041039],[14.349313,42.041069],[14.349327,42.041076],[14.349351,42.041088],[14.349434,42.041108],[14.34954,42.041093],[14.349641,42.041079],[14.349691,42.041012],[14.34984,42.040992],[14.349898,42.041016],[14.350007,42.041063],[14.350056,42.04114],[14.350058,42.041143],[14.3501,42.04121],[14.350145,42.041251],[14.350159,42.041264],[14.350254,42.041259],[14.350294,42.041279],[14.350383,42.041323],[14.350467,42.04131],[14.350549,42.041297],[14.350601,42.040967],[14.350738,42.040847],[14.350884,42.040832],[14.35092,42.04083],[14.350923,42.04083],[14.350951,42.040829],[14.350975,42.040827],[14.35113,42.040814],[14.351342,42.040846],[14.351501,42.040809],[14.351572,42.040815],[14.351643,42.040784],[14.351849,42.040853],[14.352088,42.040946],[14.352323,42.040779],[14.352353,42.040599],[14.352391,42.040535],[14.352574,42.040385],[14.35259,42.040369],[14.352684,42.040319],[14.352702,42.040309],[14.352832,42.040323],[14.352909,42.040318],[14.352967,42.040337],[14.353014,42.04032],[14.353044,42.040309],[14.35318,42.040259],[14.353255,42.04021],[14.353411,42.040199],[14.353469,42.040148],[14.35358,42.040087],[14.353616,42.040066],[14.35364,42.03999],[14.353843,42.039945],[14.35395,42.039998],[14.353986,42.039992],[14.354135,42.039966],[14.354163,42.039959],[14.354399,42.039902],[14.354561,42.039832],[14.354814,42.039789],[14.354899,42.039795],[14.354993,42.039801],[14.35507,42.039807],[14.355238,42.03982],[14.355272,42.039841],[14.355283,42.039847],[14.355318,42.039869],[14.355403,42.039974],[14.355443,42.039977],[14.355446,42.03997],[14.355463,42.039943],[14.355511,42.039866],[14.355514,42.03986],[14.355644,42.039775],[14.355668,42.039775],[14.355722,42.039775],[14.355724,42.039775],[14.355751,42.039782],[14.355788,42.039851],[14.355786,42.039912],[14.355784,42.039961],[14.35588,42.039993],[14.355908,42.039995],[14.355983,42.040001],[14.356115,42.040084],[14.356126,42.040088],[14.356143,42.040094],[14.356179,42.040107],[14.35628,42.040144],[14.35641,42.040276],[14.356727,42.040444],[14.356843,42.04049],[14.35688,42.040505],[14.35689,42.040579],[14.356858,42.040607],[14.356837,42.040626],[14.356876,42.040659],[14.357009,42.040692],[14.35708,42.040704],[14.35711,42.04071],[14.357134,42.040724],[14.357266,42.040798],[14.357295,42.040815],[14.357212,42.041031],[14.357341,42.0412],[14.357424,42.041232],[14.357479,42.041253],[14.357566,42.041246],[14.357582,42.041245],[14.357644,42.041189],[14.357813,42.041038],[14.357937,42.041001],[14.358172,42.040931],[14.358183,42.040928],[14.358204,42.040915],[14.358451,42.040756],[14.358521,42.040815],[14.358723,42.040986],[14.358911,42.04094],[14.358922,42.040937],[14.359113,42.041062],[14.359119,42.041066],[14.359349,42.041065],[14.359452,42.040958],[14.359512,42.040895],[14.359556,42.040872],[14.359581,42.040859],[14.359798,42.040821],[14.359936,42.040779],[14.360038,42.040741],[14.360031,42.040694],[14.360159,42.04062],[14.360333,42.040519],[14.360383,42.040448],[14.360386,42.040447],[14.360508,42.04037],[14.360523,42.040334],[14.360535,42.040306],[14.360599,42.040284],[14.360613,42.040206],[14.360586,42.040115],[14.36068,42.040054],[14.360846,42.040024],[14.360895,42.040015],[14.360905,42.040011],[14.361057,42.039943],[14.361201,42.039941],[14.361236,42.039956],[14.361297,42.039981],[14.361347,42.039951],[14.361377,42.039956],[14.36144,42.039965],[14.361671,42.039998],[14.36191,42.03993],[14.362029,42.039924],[14.362132,42.039842],[14.362292,42.039846],[14.362399,42.039843],[14.362468,42.039846],[14.362521,42.039836],[14.362635,42.039844],[14.362677,42.039846],[14.362743,42.039851],[14.362889,42.039862],[14.363208,42.039827],[14.363262,42.039821],[14.363261,42.039841],[14.363284,42.040081],[14.363299,42.040291],[14.363305,42.040431],[14.363312,42.04066],[14.363317,42.041025],[14.363274,42.041296],[14.363257,42.041468],[14.363258,42.041512],[14.363261,42.041627],[14.363272,42.041762],[14.36325,42.041936],[14.36299,42.042272],[14.36299,42.042269],[14.362956,42.042247],[14.362949,42.042266],[14.362802,42.042652],[14.362796,42.042703],[14.36279,42.042757],[14.362783,42.042823],[14.362777,42.042872],[14.362777,42.042875],[14.362776,42.042907],[14.362928,42.043139],[14.362963,42.043193],[14.363112,42.043247],[14.363259,42.043298],[14.3633,42.043312],[14.363307,42.043315],[14.363386,42.043337],[14.363357,42.043396],[14.363346,42.043418],[14.363336,42.043555],[14.363326,42.043674],[14.363299,42.043853],[14.363287,42.04393],[14.363285,42.044145],[14.363335,42.044546],[14.36339,42.045045],[14.363404,42.045112],[14.36341,42.045147],[14.363416,42.045188],[14.363505,42.045351],[14.363514,42.045363],[14.363519,42.04537],[14.363672,42.045571],[14.36375,42.045672],[14.363831,42.045772],[14.363826,42.045773],[14.36385,42.045819],[14.363863,42.045852],[14.363891,42.046019],[14.363896,42.046052],[14.363908,42.046117],[14.363907,42.046183],[14.363876,42.046342],[14.363873,42.046355],[14.363857,42.046396],[14.363843,42.046432],[14.363824,42.046481],[14.363823,42.046483],[14.363799,42.046534],[14.363756,42.04658],[14.363558,42.046785],[14.363479,42.046895],[14.363468,42.046942],[14.363411,42.04713],[14.363416,42.047139],[14.363483,42.047271],[14.363495,42.047339],[14.363684,42.047509],[14.3638,42.047623],[14.363798,42.04765],[14.363798,42.047662],[14.363797,42.047668],[14.36379,42.047707],[14.363787,42.047727],[14.363785,42.04773],[14.363778,42.04774],[14.363749,42.047779],[14.363744,42.047784],[14.363736,42.047792],[14.363709,42.04782],[14.363672,42.047855],[14.363595,42.047921],[14.363451,42.048045],[14.363435,42.048059],[14.363394,42.048099],[14.363277,42.048213],[14.36327,42.04822],[14.363117,42.048432],[14.363032,42.048552],[14.363022,42.048676],[14.363035,42.048771],[14.363041,42.048832],[14.363046,42.048877],[14.363053,42.048926],[14.363022,42.049024],[14.363013,42.049216],[14.362865,42.04952],[14.362742,42.049645],[14.362756,42.049652],[14.362725,42.049655],[14.362667,42.049702],[14.362662,42.049706],[14.362598,42.049757],[14.362575,42.049776],[14.362546,42.049787],[14.362509,42.049798],[14.362489,42.049801],[14.362435,42.049806],[14.362387,42.049801],[14.362203,42.049741],[14.361974,42.049667],[14.361721,42.04956],[14.361686,42.049545],[14.361599,42.04951],[14.361557,42.049492],[14.361194,42.049332],[14.361022,42.049317],[14.361008,42.049316],[14.360992,42.049316],[14.360784,42.04932],[14.36078,42.04932],[14.360758,42.049321],[14.360713,42.049322],[14.36047,42.049327],[14.360463,42.049327],[14.360437,42.049327],[14.360406,42.049335],[14.360358,42.049348],[14.360318,42.049386],[14.360297,42.049406],[14.360288,42.049415],[14.360281,42.049424],[14.360239,42.049472],[14.360232,42.049491],[14.360228,42.049501],[14.360221,42.04952],[14.360212,42.049544],[14.360212,42.04955],[14.360194,42.049682],[14.360192,42.049691],[14.360273,42.04979],[14.360305,42.04983],[14.360309,42.049836],[14.36033,42.049867],[14.360335,42.049899],[14.360334,42.049954],[14.360331,42.04996],[14.36027,42.050072],[14.360258,42.050094],[14.360252,42.050098],[14.360152,42.050164],[14.360093,42.050197],[14.360082,42.050203],[14.360056,42.050215],[14.360041,42.050221],[14.360013,42.050229],[14.359997,42.050234],[14.359966,42.050238],[14.359906,42.050235],[14.359884,42.050234],[14.359849,42.050224],[14.359784,42.050204],[14.35971,42.050183],[14.359649,42.050164],[14.359614,42.050153],[14.359515,42.050122],[14.359466,42.050107],[14.359356,42.050072],[14.359297,42.050047],[14.359235,42.050025],[14.359145,42.049992],[14.359137,42.050054],[14.359133,42.050086],[14.359088,42.050151],[14.359118,42.050159],[14.35911,42.050196],[14.359101,42.050254],[14.3591,42.05026],[14.359062,42.050246],[14.359035,42.050236],[14.358944,42.050092],[14.358835,42.050043],[14.358811,42.050036],[14.358779,42.050027],[14.358587,42.049974],[14.358314,42.049892],[14.358296,42.049849],[14.358192,42.049718],[14.358161,42.049699],[14.358154,42.049682],[14.358132,42.04963],[14.358126,42.049599],[14.358123,42.049583],[14.358032,42.049534],[14.357922,42.049474],[14.357894,42.049459],[14.357625,42.049434],[14.357563,42.049429],[14.357209,42.049396],[14.357211,42.049394],[14.357213,42.049393],[14.357209,42.049344],[14.357214,42.049341],[14.357177,42.049323],[14.357022,42.049248],[14.356837,42.049136],[14.356713,42.049063],[14.356534,42.048955],[14.356523,42.048948],[14.356513,42.048942],[14.356484,42.048926],[14.356353,42.048849],[14.356338,42.048841],[14.356335,42.048838],[14.356331,42.048836],[14.356292,42.048822],[14.356237,42.048803],[14.356198,42.048778],[14.356189,42.048754],[14.356183,42.04874],[14.356194,42.048639],[14.356208,42.048592],[14.35621,42.048577],[14.356216,42.048565],[14.356229,42.048524],[14.356238,42.048496],[14.356319,42.048467],[14.356335,42.048459],[14.356336,42.048426],[14.356337,42.048389],[14.356336,42.048376],[14.356339,42.048369],[14.356341,42.048344],[14.356342,42.048341],[14.356343,42.04832],[14.356347,42.048269],[14.356347,42.04826],[14.356348,42.048257],[14.356351,42.048221],[14.356351,42.048212],[14.356352,42.048207],[14.356338,42.048126],[14.356253,42.048111],[14.35619,42.048086],[14.355956,42.047932],[14.355867,42.047877],[14.355881,42.04784],[14.355885,42.047831],[14.355567,42.047758],[14.355552,42.047784],[14.355547,42.047804],[14.355511,42.047805],[14.3555,42.047805],[14.355277,42.047805],[14.355028,42.047804],[14.354964,42.047815],[14.354913,42.047829],[14.354691,42.047897],[14.354408,42.047962],[14.354363,42.047973],[14.354366,42.04797],[14.354624,42.04771],[14.354752,42.047582],[14.354856,42.047518],[14.354946,42.047476],[14.355037,42.047434],[14.355178,42.047367],[14.355241,42.047337],[14.35529,42.047303],[14.355314,42.047286],[14.355457,42.047123],[14.355535,42.047036],[14.355586,42.046973],[14.355603,42.046951],[14.355645,42.046899],[14.355769,42.046776],[14.355841,42.046698],[14.355844,42.046695],[14.355736,42.046651],[14.355643,42.046616],[14.355257,42.046467],[14.355099,42.046301],[14.355018,42.046211],[14.354974,42.046165],[14.354969,42.046159],[14.354932,42.046121],[14.354877,42.046058],[14.354861,42.046041],[14.354685,42.045856],[14.354655,42.045754],[14.354701,42.045743],[14.354803,42.045727],[14.35461,42.04559],[14.354494,42.045505],[14.354477,42.045502],[14.354338,42.045474],[14.354255,42.045458],[14.354217,42.04545],[14.353872,42.045376],[14.353865,42.045374],[14.353855,42.045372],[14.35369,42.045337],[14.35356,42.045308],[14.353527,42.045301],[14.353524,42.045301],[14.353371,42.045244],[14.353022,42.045101],[14.352936,42.045066],[14.352816,42.045015],[14.352738,42.044983],[14.352651,42.044955],[14.352617,42.044943],[14.352564,42.04493],[14.352487,42.044913],[14.352321,42.044893],[14.352272,42.044882],[14.352264,42.044886],[14.352109,42.044972],[14.352015,42.045043],[14.351905,42.04513],[14.351851,42.045161],[14.351775,42.04521],[14.351727,42.045239],[14.35169,42.045281],[14.351681,42.045289],[14.351651,42.045327],[14.351635,42.045345],[14.351595,42.04539],[14.351585,42.045402],[14.351569,42.045419],[14.351526,42.045465],[14.351522,42.045473],[14.351497,42.04559],[14.351484,42.045653],[14.351483,42.045655],[14.351482,42.045662],[14.351471,42.04567],[14.35134,42.045771],[14.351334,42.04578],[14.351319,42.045811],[14.35118,42.045892],[14.351145,42.045912],[14.351136,42.045921],[14.351058,42.045989],[14.350973,42.046057],[14.350826,42.046187],[14.350746,42.046242],[14.350704,42.04627],[14.350673,42.046302],[14.350646,42.046341],[14.350599,42.046406],[14.350316,42.046377],[14.350258,42.04633],[14.350234,42.046238],[14.350046,42.046052],[14.350015,42.046026],[14.349881,42.04599],[14.349829,42.045958],[14.349791,42.045934],[14.349743,42.045867],[14.349711,42.045828],[14.349693,42.04581],[14.349555,42.045734],[14.34937,42.045631],[14.34935,42.04561],[14.349332,42.04559],[14.349283,42.045476],[14.349287,42.045404],[14.349289,42.045376],[14.34929,42.045361],[14.349296,42.045314],[14.349279,42.045149],[14.349272,42.045076],[14.349272,42.045073],[14.349266,42.045019],[14.349268,42.045001]]]]}},
{"type":"Feature","properties":{"fid":9,"gml_id":"CadastralZoning.IT.AGE.MAP.A956_000600","ADMINISTRATIVEUNIT":"A956","foglio":"0006","comune":"BOMBA"},"geometry":{"type":"MultiPolygon","coordinates":[[[[14.365769,42.049553],[14.365758,42.049556],[14.365742,42.04956],[14.365731,42.049563],[14.365724,42.049565],[14.365714,42.049571],[14.365626,42.049613],[14.365543,42.049643],[14.365477,42.04966],[14.365473,42.049661],[14.365364,42.04969],[14.365227,42.049718],[14.365199,42.049724],[14.365182,42.049731],[14.365109,42.04976],[14.365024,42.049798],[14.364982,42.049815],[14.364965,42.049823],[14.364963,42.049824],[14.364831,42.049854],[14.36468,42.049867],[14.364455,42.049875],[14.364275,42.049884],[14.364225,42.049941],[14.364208,42.049939],[14.364151,42.049932],[14.364029,42.049918],[14.36386,42.049884],[14.363677,42.049801],[14.363667,42.0498],[14.363613,42.049815],[14.363605,42.049817],[14.363595,42.04982],[14.363589,42.04982],[14.363467,42.049827],[14.363449,42.049828],[14.363446,42.049828],[14.363349,42.049774],[14.363278,42.049732],[14.363251,42.049734],[14.36317,42.04974],[14.36309,42.049749],[14.363042,42.049737],[14.362933,42.049709],[14.362814,42.049683],[14.362803,42.049677],[14.362756,42.049652],[14.362742,42.049645],[14.362865,42.04952],[14.363013,42.049216],[14.363022,42.049024],[14.363053,42.048926],[14.363046,42.048877],[14.363041,42.048832],[14.363035,42.048771],[14.363022,42.048676],[14.363032,42.048552],[14.363117,42.048432],[14.36327,42.04822],[14.363277,42.048213],[14.363394,42.048099],[14.363435,42.048059],[14.363451,42.048045],[14.363595,42.047921],[14.363672,42.047855],[14.363709,42.04782],[14.363743,42.047786],[14.363749,42.047779],[14.363778,42.04774],[14.363785,42.04773],[14.363787,42.047727],[14.363797,42.047668],[14.3638,42.047623],[14.363684,42.047509],[14.363495,42.047339],[14.363483,42.047271],[14.363416,42.047139],[14.363411,42.04713],[14.363468,42.046942],[14.363479,42.046895],[14.363558,42.046785],[14.363756,42.04658],[14.363799,42.046534],[14.363823,42.046483],[14.363824,42.046481],[14.363857,42.046396],[14.363873,42.046355],[14.363876,42.046342],[14.363907,42.046183],[14.363908,42.046117],[14.363896,42.046052],[14.363891,42.046019],[14.363878,42.045942],[14.363863,42.045852],[14.36385,42.045819],[14.363826,42.045773],[14.363831,42.045772],[14.36375,42.045672],[14.363672,42.045571],[14.363519,42.04537],[14.363514,42.045363],[14.363505,42.045351],[14.363416,42.045188],[14.36341,42.045147],[14.363404,42.045112],[14.36339,42.045045],[14.363335,42.044546],[14.363285,42.044145],[14.363287,42.04393],[14.363299,42.043853],[14.363326,42.043674],[14.363336,42.043555],[14.363346,42.043418],[14.363386,42.043337],[14.363307,42.043315],[14.3633,42.043312],[14.363259,42.043298],[14.363112,42.043247],[14.362963,42.043193],[14.362928,42.043139],[14.362776,42.042907],[14.362777,42.042875],[14.362777,42.042873],[14.362783,42.042823],[14.36279,42.042757],[14.362796,42.042703],[14.362802,42.042652],[14.362956,42.042247],[14.36299,42.042269],[14.362992,42.042271],[14.36325,42.041936],[14.363253,42.041913],[14.363272,42.041762],[14.363261,42.041627],[14.363258,42.041512],[14.363257,42.041468],[14.363274,42.041296],[14.363316,42.041031],[14.363317,42.041025],[14.363317,42.041001],[14.363312,42.04066],[14.363305,42.040431],[14.363299,42.040291],[14.363293,42.040201],[14.363284,42.040081],[14.363261,42.039841],[14.363262,42.039821],[14.363258,42.039821],[14.363222,42.039706],[14.363333,42.039653],[14.36366,42.039611],[14.363637,42.039663],[14.363638,42.039718],[14.36364,42.039825],[14.363642,42.03984],[14.363753,42.039842],[14.36376,42.039842],[14.363856,42.039843],[14.363951,42.039842],[14.363986,42.039948],[14.364037,42.039981],[14.364068,42.039994],[14.364136,42.040016],[14.364168,42.039999],[14.364185,42.039982],[14.364199,42.039959],[14.364234,42.03996],[14.364277,42.039908],[14.364338,42.039867],[14.364487,42.039749],[14.364646,42.039642],[14.364731,42.039569],[14.364953,42.039416],[14.364884,42.039394],[14.365427,42.039184],[14.365445,42.039234],[14.36553,42.039305],[14.365587,42.039353],[14.365873,42.039185],[14.36635,42.038877],[14.366428,42.038924],[14.366521,42.038981],[14.366643,42.038904],[14.366622,42.038828],[14.366755,42.038686],[14.366958,42.038315],[14.36704,42.038392],[14.367083,42.038432],[14.367115,42.03844],[14.36716,42.038448],[14.367178,42.038454],[14.367468,42.038551],[14.367704,42.038561],[14.367768,42.038563],[14.368028,42.03859],[14.368124,42.038627],[14.368321,42.038696],[14.368381,42.038732],[14.368493,42.038795],[14.368518,42.03882],[14.368539,42.038843],[14.36854,42.038844],[14.368551,42.038857],[14.368592,42.038932],[14.368662,42.039054],[14.368677,42.03908],[14.368727,42.039166],[14.368729,42.03917],[14.368774,42.039175],[14.368799,42.039178],[14.368898,42.039244],[14.368904,42.039248],[14.368909,42.039254],[14.368943,42.039286],[14.369005,42.039323],[14.369062,42.03935],[14.369097,42.039361],[14.369333,42.039431],[14.369517,42.039492],[14.369568,42.039509],[14.369758,42.039579],[14.369852,42.039616],[14.369983,42.039668],[14.370012,42.03968],[14.370016,42.039681],[14.370008,42.039691],[14.370005,42.039702],[14.370254,42.039745],[14.370315,42.039756],[14.370531,42.039853],[14.370594,42.039879],[14.370601,42.039882],[14.370722,42.039925],[14.370795,42.039952],[14.37084,42.039969],[14.370938,42.040028],[14.370972,42.040049],[14.370974,42.04005],[14.371003,42.040062],[14.371257,42.04015],[14.371297,42.040159],[14.371352,42.040165],[14.371394,42.040171],[14.371427,42.040175],[14.371442,42.040176],[14.371545,42.040189],[14.371768,42.040228],[14.371984,42.040266],[14.371986,42.040268],[14.371989,42.040269],[14.372018,42.040318],[14.372194,42.040596],[14.372234,42.04066],[14.372241,42.04067],[14.372287,42.0407],[14.372407,42.040778],[14.372486,42.040826],[14.372647,42.040913],[14.372661,42.04092],[14.372745,42.041009],[14.372764,42.041021],[14.372916,42.041063],[14.373041,42.041122],[14.373088,42.041162],[14.373095,42.041168],[14.373095,42.041168],[14.373102,42.041174],[14.373108,42.0412],[14.373108,42.041201],[14.373109,42.041205],[14.373146,42.041302],[14.37315,42.041311],[14.373199,42.041384],[14.373211,42.041403],[14.373211,42.041403],[14.373213,42.041405],[14.373213,42.041406],[14.373236,42.04148],[14.373255,42.04153],[14.373272,42.041557],[14.373272,42.041558],[14.373305,42.041612],[14.373335,42.041661],[14.373485,42.041772],[14.373616,42.041868],[14.373621,42.041921],[14.373634,42.042001],[14.37364,42.042043],[14.373702,42.042124],[14.373735,42.042162],[14.373809,42.042249],[14.373816,42.042258],[14.374025,42.042407],[14.374187,42.042522],[14.37419,42.042525],[14.374194,42.042528],[14.37427,42.04256],[14.37436,42.042598],[14.374453,42.042634],[14.374508,42.042646],[14.374803,42.04271],[14.374939,42.042755],[14.375139,42.042866],[14.375186,42.042892],[14.37527,42.042945],[14.375319,42.043022],[14.375329,42.043188],[14.375331,42.043227],[14.375322,42.043309],[14.37532,42.043338],[14.375352,42.043524],[14.375353,42.043531],[14.375353,42.043533],[14.375353,42.043534],[14.375321,42.043569],[14.375462,42.043769],[14.375525,42.043868],[14.375606,42.044018],[14.375675,42.044142],[14.375677,42.044146],[14.375725,42.044225],[14.375809,42.044268],[14.375993,42.044376],[14.375995,42.044376],[14.376072,42.044509],[14.376083,42.044601],[14.37597,42.044831],[14.37596,42.044852],[14.375936,42.044904],[14.375919,42.044944],[14.375919,42.044947],[14.375917,42.044945],[14.375923,42.045093],[14.375924,42.045093],[14.375935,42.045429],[14.375935,42.045466],[14.375929,42.045467],[14.375933,42.045566],[14.375933,42.045577],[14.375901,42.045668],[14.375877,42.045915],[14.375881,42.046003],[14.375881,42.046004],[14.375879,42.046139],[14.375879,42.046154],[14.375876,42.046293],[14.375869,42.046405],[14.375868,42.04642],[14.375839,42.046623],[14.375846,42.046683],[14.375849,42.04672],[14.375853,42.046751],[14.375864,42.046802],[14.375869,42.046828],[14.375885,42.046897],[14.37588,42.04702],[14.37588,42.047051],[14.375896,42.047065],[14.375948,42.04711],[14.376025,42.047148],[14.376041,42.047156],[14.376036,42.047181],[14.375876,42.04725],[14.375642,42.047289],[14.375627,42.047385],[14.37564,42.047416],[14.375618,42.047506],[14.375585,42.04764],[14.375515,42.047923],[14.375484,42.047974],[14.375474,42.047991],[14.375458,42.048019],[14.375355,42.048188],[14.375339,42.048324],[14.375278,42.04844],[14.375248,42.048498],[14.375217,42.048555],[14.375214,42.048694],[14.375168,42.048902],[14.375089,42.049065],[14.374959,42.049215],[14.374895,42.049289],[14.374637,42.049495],[14.374601,42.049524],[14.374411,42.049676],[14.37417,42.049783],[14.374071,42.04983],[14.373943,42.0499],[14.373869,42.049908],[14.373737,42.049929],[14.373617,42.049958],[14.37355,42.049975],[14.373457,42.049999],[14.373357,42.050027],[14.373266,42.05006],[14.373107,42.050122],[14.373063,42.050142],[14.372708,42.050163],[14.37218,42.050189],[14.371942,42.050259],[14.371852,42.050296],[14.371592,42.050397],[14.371541,42.05042],[14.371503,42.050437],[14.371462,42.050451],[14.371451,42.050454],[14.371299,42.050528],[14.371177,42.050566],[14.371051,42.050636],[14.371029,42.050655],[14.370991,42.050693],[14.370603,42.050758],[14.370335,42.050726],[14.370308,42.050704],[14.370293,42.05069],[14.370096,42.050675],[14.369945,42.050656],[14.369827,42.050644],[14.369668,42.050622],[14.369488,42.0506],[14.369427,42.050598],[14.369176,42.050596],[14.368896,42.050532],[14.368798,42.050485],[14.368732,42.050472],[14.368636,42.050451],[14.368594,42.050431],[14.368563,42.050416],[14.368544,42.050408],[14.368435,42.050351],[14.368278,42.050259],[14.368177,42.050192],[14.368154,42.050173],[14.367882,42.050142],[14.367782,42.050168],[14.367757,42.050168],[14.367741,42.050168],[14.367487,42.050112],[14.367244,42.050054],[14.367213,42.050057],[14.36711,42.050083],[14.367081,42.05009],[14.366939,42.050102],[14.36687,42.050108],[14.366787,42.050149],[14.366678,42.050278],[14.366632,42.050386],[14.366384,42.050374],[14.366375,42.050374],[14.366374,42.05037],[14.366343,42.050274],[14.366295,42.050062],[14.366293,42.050054],[14.366323,42.049963],[14.366328,42.049947],[14.366362,42.049927],[14.366387,42.049912],[14.366374,42.049582],[14.366369,42.049449],[14.366292,42.049458],[14.366261,42.049459],[14.366248,42.04946],[14.366229,42.04946],[14.366174,42.049459],[14.366154,42.049543],[14.36615,42.049559],[14.365912,42.049524],[14.365902,42.049524],[14.365827,42.04954],[14.365769,42.049553]]]]}},
{"type":"Feature","properties":{"fid":10,"gml_id":"CadastralZoning.IT.AGE.MAP.A956_000700","ADMINISTRATIVEUNIT":"A956","foglio":"0007","comune":"BOMBA"},"geometry":{"type":"MultiPolygon","coordinates":[[[[14.354174,42.027686],[14.35404,42.027752],[14.354,42.027769],[14.354084,42.027805],[14.354247,42.027873],[14.354316,42.027853],[14.354391,42.027826],[14.354629,42.027764],[14.354649,42.027759],[14.354863,42.027735],[14.354951,42.027736],[14.355008,42.027838],[14.355024,42.027937],[14.355021,42.028025],[14.35503,42.028116],[14.355068,42.028223],[14.355098,42.028316],[14.355137,42.028438],[14.355221,42.028643],[14.355249,42.028756],[14.355261,42.028809],[14.355265,42.028823],[14.35527,42.028846],[14.355274,42.028865],[14.355295,42.028937],[14.355364,42.029025],[14.355414,42.02909],[14.355464,42.029157],[14.355556,42.029274],[14.355645,42.029354],[14.355758,42.029406],[14.355772,42.029415],[14.355777,42.029419],[14.355779,42.029421],[14.35577,42.029444],[14.355726,42.029455],[14.355539,42.029518],[14.355399,42.029553],[14.355292,42.029627],[14.355124,42.029743],[14.355031,42.02983],[14.355033,42.029834],[14.355067,42.029936],[14.35511,42.030065],[14.354815,42.030083],[14.354785,42.030106],[14.354821,42.030293],[14.354854,42.03044],[14.354833,42.030444],[14.354765,42.030621],[14.354665,42.030818],[14.354641,42.030863],[14.354661,42.030881],[14.354707,42.030894],[14.355203,42.030881],[14.355545,42.030834],[14.355603,42.030835],[14.355754,42.030848],[14.355865,42.030846],[14.355959,42.030821],[14.355964,42.03082],[14.355971,42.030842],[14.355976,42.030852],[14.356041,42.030945],[14.356043,42.030952],[14.356066,42.030985],[14.356193,42.031072],[14.356307,42.031147],[14.356347,42.031178],[14.356375,42.031198],[14.356573,42.031236],[14.356596,42.031272],[14.356596,42.031275],[14.356516,42.031318],[14.356626,42.031516],[14.356592,42.031552],[14.356451,42.031699],[14.356271,42.031618],[14.356119,42.031858],[14.356079,42.031975],[14.356031,42.03211],[14.355981,42.03225],[14.355878,42.032236],[14.355875,42.032252],[14.355832,42.032424],[14.355897,42.032438],[14.355992,42.032459],[14.35599,42.032479],[14.355961,42.03279],[14.35596,42.032804],[14.356138,42.032854],[14.356233,42.03288],[14.356237,42.032881],[14.356248,42.032885],[14.356275,42.032893],[14.356377,42.032916],[14.3564,42.032921],[14.35642,42.032927],[14.356482,42.032941],[14.356678,42.032966],[14.356733,42.03297],[14.356727,42.03302],[14.356711,42.033204],[14.356707,42.033204],[14.356707,42.033212],[14.35671,42.033211],[14.356706,42.033244],[14.356704,42.033259],[14.356537,42.033294],[14.356387,42.03331],[14.356337,42.033314],[14.356175,42.03333],[14.356066,42.03334],[14.356013,42.033345],[14.356001,42.033346],[14.355882,42.033358],[14.355838,42.03335],[14.355738,42.033335],[14.355657,42.033322],[14.355593,42.033313],[14.355591,42.033318],[14.355585,42.033353],[14.355576,42.033625],[14.355581,42.033666],[14.355602,42.033846],[14.355608,42.033897],[14.355608,42.033902],[14.355613,42.033937],[14.355636,42.034061],[14.355637,42.034065],[14.355444,42.034033],[14.355321,42.034012],[14.355302,42.034009],[14.355231,42.033998],[14.355228,42.033997],[14.355117,42.034015],[14.355046,42.034052],[14.354985,42.034084],[14.354973,42.034176],[14.354958,42.034288],[14.355018,42.034321],[14.355109,42.03437],[14.355127,42.034378],[14.355455,42.034387],[14.355371,42.034961],[14.355653,42.034961],[14.355657,42.034968],[14.35566,42.034972],[14.355694,42.035032],[14.355696,42.035032],[14.355753,42.035126],[14.355905,42.035381],[14.356002,42.035714],[14.356018,42.035769],[14.355962,42.035755],[14.355887,42.03574],[14.35578,42.035716],[14.355717,42.035702],[14.35569,42.035699],[14.355605,42.035706],[14.35556,42.035718],[14.355556,42.035719],[14.355441,42.035773],[14.355417,42.035785],[14.355257,42.035937],[14.355037,42.036136],[14.354915,42.036246],[14.354851,42.036305],[14.35491,42.03634],[14.354912,42.036341],[14.355028,42.036445],[14.354877,42.036518],[14.35513,42.036637],[14.355242,42.03655],[14.355342,42.036584],[14.355523,42.036649],[14.355521,42.036644],[14.355599,42.036676],[14.355594,42.036769],[14.355591,42.036814],[14.35559,42.036819],[14.355598,42.036837],[14.355617,42.036882],[14.355678,42.036873],[14.355688,42.036897],[14.355804,42.036885],[14.356086,42.036852],[14.356125,42.036851],[14.356123,42.037032],[14.356126,42.037037],[14.356151,42.037069],[14.356162,42.037068],[14.356204,42.037105],[14.356249,42.037161],[14.356296,42.037282],[14.356345,42.03742],[14.356356,42.037455],[14.356389,42.037539],[14.356389,42.03755],[14.356384,42.037612],[14.356387,42.037611],[14.356553,42.037593],[14.356555,42.037593],[14.356553,42.037606],[14.35655,42.037708],[14.356613,42.037779],[14.356651,42.037826],[14.356679,42.037975],[14.356606,42.038094],[14.356534,42.038208],[14.356515,42.038242],[14.356382,42.038376],[14.356373,42.038379],[14.356239,42.038434],[14.356231,42.038443],[14.356207,42.038474],[14.356202,42.038483],[14.356061,42.03853],[14.356043,42.038535],[14.356033,42.038538],[14.356026,42.038541],[14.356023,42.038541],[14.35598,42.038583],[14.355973,42.03859],[14.355969,42.038593],[14.3559,42.038665],[14.355842,42.038729],[14.355795,42.03878],[14.355582,42.038697],[14.355526,42.038723],[14.355501,42.0387],[14.355362,42.038777],[14.355257,42.038648],[14.355193,42.0386],[14.355138,42.038557],[14.355108,42.038515],[14.354969,42.038476],[14.354963,42.038494],[14.354959,42.038513],[14.354813,42.03849],[14.354741,42.038499],[14.354726,42.038674],[14.35484,42.038685],[14.354811,42.038798],[14.354701,42.03878],[14.354678,42.038828],[14.354321,42.038772],[14.354317,42.038813],[14.354313,42.039013],[14.354327,42.039046],[14.354628,42.039029],[14.35552,42.038957],[14.355596,42.038986],[14.355628,42.039024],[14.35563,42.039027],[14.3556,42.039072],[14.355572,42.039116],[14.355562,42.039301],[14.355561,42.039366],[14.355542,42.039551],[14.355493,42.039605],[14.355449,42.039673],[14.35537,42.039695],[14.355262,42.039727],[14.355272,42.039841],[14.355238,42.03982],[14.355124,42.039811],[14.35507,42.039807],[14.354993,42.039801],[14.354814,42.039789],[14.354561,42.039832],[14.354399,42.039902],[14.354135,42.039966],[14.35395,42.039998],[14.353843,42.039945],[14.35364,42.03999],[14.353616,42.040066],[14.353469,42.040148],[14.353411,42.040199],[14.353255,42.04021],[14.35318,42.040259],[14.353044,42.040309],[14.352967,42.040337],[14.352909,42.040318],[14.352832,42.040323],[14.352702,42.040309],[14.352684,42.040319],[14.35259,42.040369],[14.352574,42.040385],[14.352391,42.040535],[14.352353,42.040599],[14.352323,42.040779],[14.352088,42.040946],[14.351849,42.040853],[14.351643,42.040784],[14.351572,42.040815],[14.351501,42.040809],[14.351342,42.040846],[14.35113,42.040814],[14.350975,42.040827],[14.350951,42.040829],[14.350884,42.040832],[14.350738,42.040847],[14.350601,42.040967],[14.350549,42.041297],[14.350383,42.041323],[14.350254,42.041259],[14.350159,42.041263],[14.3501,42.04121],[14.350007,42.041063],[14.349898,42.041016],[14.34984,42.040992],[14.349691,42.041012],[14.349641,42.041079],[14.34954,42.041093],[14.349434,42.041108],[14.349351,42.041088],[14.349313,42.041069],[14.349269,42.041039],[14.349118,42.040897],[14.349023,42.040858],[14.348975,42.040895],[14.348836,42.040816],[14.348767,42.040797],[14.348711,42.040869],[14.348609,42.040826],[14.348523,42.040804],[14.348251,42.040686],[14.348204,42.040667],[14.348126,42.040697],[14.348062,42.040696],[14.347995,42.040664],[14.347662,42.040506],[14.347337,42.040586],[14.347012,42.040566],[14.346739,42.04047],[14.346578,42.040468],[14.346367,42.040427],[14.346099,42.040332],[14.345879,42.040253],[14.345985,42.040088],[14.346098,42.03948],[14.34584,42.038552],[14.345616,42.037992],[14.3452,42.037575],[14.345013,42.037468],[14.344561,42.037403],[14.344333,42.037341],[14.343953,42.037056],[14.343545,42.03615],[14.343248,42.035759],[14.343115,42.035509],[14.343116,42.035263],[14.343308,42.035],[14.344173,42.034409],[14.344347,42.03421],[14.344534,42.033832],[14.344745,42.033639],[14.34529,42.032478],[14.345595,42.031664],[14.345802,42.031177],[14.346347,42.030125],[14.346707,42.029573],[14.347174,42.029149],[14.347313,42.028959],[14.347884,42.028433],[14.347797,42.027682],[14.347617,42.026907],[14.347544,42.026802],[14.347414,42.026413],[14.347038,42.025804],[14.346968,42.025365],[14.347121,42.025161],[14.347522,42.024235],[14.347522,42.024214],[14.347526,42.024224],[14.348664,42.024587],[14.349209,42.024744],[14.349374,42.024792],[14.3493,42.024911],[14.349232,42.025018],[14.34923,42.025028],[14.349214,42.025107],[14.349191,42.025217],[14.349201,42.025307],[14.349204,42.025338],[14.349207,42.025375],[14.349208,42.025383],[14.349222,42.025559],[14.349297,42.025738],[14.349447,42.025889],[14.349477,42.025919],[14.349481,42.025923],[14.349639,42.026048],[14.349666,42.026069],[14.349756,42.026042],[14.349767,42.026039],[14.349778,42.026036],[14.349783,42.026034],[14.350057,42.025942],[14.350217,42.025888],[14.350276,42.025864],[14.350356,42.025828],[14.350329,42.025788],[14.350187,42.025577],[14.350151,42.02548],[14.350134,42.025434],[14.350127,42.025293],[14.350243,42.02526],[14.350334,42.025234],[14.350471,42.025247],[14.350549,42.025223],[14.350574,42.025216],[14.350694,42.025244],[14.35076,42.025259],[14.350801,42.025269],[14.350849,42.025334],[14.350896,42.025344],[14.35096,42.025358],[14.351075,42.02537],[14.351168,42.025351],[14.351208,42.02532],[14.351358,42.025284],[14.351443,42.025264],[14.351927,42.025143],[14.352193,42.025092],[14.35224,42.025096],[14.352346,42.025106],[14.352468,42.025122],[14.35261,42.02514],[14.352679,42.025159],[14.352703,42.025165],[14.352864,42.025208],[14.352894,42.025213],[14.353065,42.025248],[14.353193,42.025274],[14.353606,42.025362],[14.353686,42.025368],[14.353774,42.025374],[14.353783,42.025412],[14.3538,42.025487],[14.353824,42.025551],[14.353857,42.025576],[14.353882,42.025594],[14.353924,42.025593],[14.354016,42.025649],[14.354153,42.025618],[14.354146,42.025634],[14.354165,42.025637],[14.354234,42.025646],[14.35434,42.025672],[14.354382,42.025683],[14.354623,42.025745],[14.35468,42.025766],[14.354702,42.025773],[14.354719,42.02578],[14.354885,42.025839],[14.354893,42.025836],[14.354906,42.025831],[14.354984,42.025804],[14.35509,42.025883],[14.355178,42.025938],[14.355291,42.025975],[14.355407,42.025998],[14.355439,42.026011],[14.355441,42.026012],[14.355467,42.026064],[14.355498,42.026168],[14.355502,42.026182],[14.355452,42.026295],[14.355466,42.026344],[14.355474,42.026361],[14.355422,42.026393],[14.35542,42.026394],[14.355397,42.026407],[14.355362,42.026501],[14.355373,42.026572],[14.355371,42.02658],[14.355341,42.02669],[14.355299,42.026818],[14.355271,42.026903],[14.355275,42.026949],[14.355282,42.027027],[14.355283,42.027033],[14.355287,42.027074],[14.355323,42.027125],[14.355331,42.027134],[14.355332,42.027151],[14.355333,42.027166],[14.354895,42.027378],[14.354711,42.027446],[14.354516,42.027521],[14.354174,42.027686]],[[14.350529,42.028459],[14.350393,42.02838],[14.350235,42.028346],[14.350157,42.028272],[14.35013,42.02827],[14.349914,42.028386],[14.349709,42.028526],[14.349687,42.028742],[14.349837,42.0288],[14.349965,42.028828],[14.350046,42.029047],[14.350046,42.029188],[14.349782,42.02913],[14.349852,42.0294],[14.349854,42.029406],[14.349901,42.029569],[14.350017,42.02957],[14.350053,42.029562],[14.350047,42.029499],[14.350113,42.029488],[14.35017,42.02948],[14.350344,42.0295],[14.350362,42.029395],[14.350363,42.029232],[14.350367,42.029156],[14.350383,42.028955],[14.35039,42.028796],[14.350461,42.028539],[14.350529,42.028459]],[[14.34608,42.03441],[14.346056,42.034368],[14.346015,42.034342],[14.345924,42.034221],[14.345876,42.034131],[14.345761,42.03393],[14.345731,42.033942],[14.34513,42.034149],[14.345097,42.03416],[14.345069,42.034267],[14.345022,42.03427],[14.344804,42.034284],[14.344542,42.034603],[14.344502,42.034711],[14.344521,42.034745],[14.344361,42.034807],[14.344373,42.034851],[14.344289,42.03504],[14.344404,42.035284],[14.344573,42.035225],[14.344561,42.035203],[14.345516,42.034914],[14.345545,42.034967],[14.345567,42.034955],[14.345685,42.034899],[14.345843,42.034847],[14.345871,42.034831],[14.345817,42.034741],[14.345732,42.034613],[14.34576,42.034591],[14.345915,42.034541],[14.345872,42.034468],[14.345951,42.034441],[14.34608,42.03441]],[[14.351523,42.036958],[14.351487,42.036957],[14.351131,42.036907],[14.351082,42.037058],[14.351065,42.037163],[14.351003,42.037133],[14.350931,42.037102],[14.350781,42.037051],[14.350703,42.037031],[14.350596,42.036979],[14.350512,42.036962],[14.35046,42.03692],[14.350368,42.036913],[14.350177,42.03689],[14.350125,42.036886],[14.350111,42.036991],[14.350258,42.03701],[14.350412,42.037032],[14.350319,42.037234],[14.350227,42.03751],[14.35092,42.037652],[14.351019,42.03763],[14.351462,42.037572],[14.351507,42.037559],[14.351682,42.037612],[14.351771,42.037661],[14.351771,42.037599],[14.351786,42.037481],[14.351608,42.037453],[14.351397,42.037405],[14.351365,42.037339],[14.351461,42.0371],[14.351489,42.037019],[14.351523,42.036958]]]]}},
{"type":"Feature","properties":{"fid":11,"gml_id":"CadastralZoning.IT.AGE.MAP.A956_0007A0","ADMINISTRATIVEUNIT":"A956","foglio":"0007","comune":"BOMBA"},"geometry":{"type":"MultiPolygon","coordinates":[[[[14.355366,42.038775],[14.355504,42.038703],[14.355524,42.038722],[14.355582,42.038694],[14.355798,42.03878],[14.35575,42.038839],[14.35566,42.038984],[14.355632,42.039018],[14.35557,42.038966],[14.355553,42.038956],[14.354316,42.039046],[14.35431,42.038946],[14.354313,42.038898],[14.354308,42.038844],[14.35432,42.03877],[14.354678,42.038824],[14.354692,42.038775],[14.354814,42.038799],[14.354842,42.038676],[14.354721,42.038673],[14.35474,42.038498],[14.354813,42.038484],[14.354834,42.038493],[14.35496,42.038508],[14.354963,42.038485],[14.354971,42.038468],[14.355113,42.038517],[14.355124,42.038547],[14.355257,42.038646],[14.355288,42.038693],[14.355366,42.038775]]]]}},
{"type":"Feature","properties":{"fid":12,"gml_id":"CadastralZoning.IT.AGE.MAP.A956_0007B0","ADMINISTRATIVEUNIT":"A956","foglio":"0007","comune":"BOMBA"},"geometry":{"type":"MultiPolygon","coordinates":[[[[14.351402,42.037409],[14.351627,42.037451],[14.351791,42.037474],[14.351767,42.037598],[14.351769,42.037656],[14.351688,42.037605],[14.351505,42.037558],[14.351461,42.037567],[14.351019,42.037631],[14.350917,42.037648],[14.350216,42.037509],[14.350256,42.037423],[14.350314,42.037233],[14.350404,42.037043],[14.350397,42.037031],[14.350103,42.03699],[14.350116,42.036913],[14.350122,42.036881],[14.350364,42.036912],[14.350352,42.036799],[14.350441,42.036803],[14.350478,42.036808],[14.350495,42.036959],[14.350619,42.036995],[14.350696,42.037032],[14.350798,42.03706],[14.350916,42.037093],[14.351059,42.037159],[14.351083,42.037049],[14.351109,42.036969],[14.351132,42.03691],[14.35119,42.03692],[14.351477,42.036951],[14.351519,42.036957],[14.351429,42.037172],[14.351392,42.037245],[14.351367,42.037341],[14.351402,42.037409]]]]}},
{"type":"Feature","properties":{"fid":13,"gml_id":"CadastralZoning.IT.AGE.MAP.A956_0007C0","ADMINISTRATIVEUNIT":"A956","foglio":"0007","comune":"BOMBA"},"geometry":{"type":"MultiPolygon","coordinates":[[[[14.345867,42.034466],[14.345908,42.034545],[14.345843,42.034564],[14.34575,42.034591],[14.345747,42.034626],[14.345815,42.034743],[14.345874,42.034837],[14.345839,42.034846],[14.345694,42.034898],[14.345573,42.034955],[14.345551,42.034969],[14.34552,42.034913],[14.344562,42.035209],[14.344569,42.035222],[14.344416,42.035281],[14.344361,42.035168],[14.344301,42.035045],[14.344369,42.03486],[14.344366,42.034848],[14.344354,42.034818],[14.34452,42.034745],[14.344505,42.03471],[14.344524,42.034654],[14.34454,42.034607],[14.344582,42.034553],[14.344645,42.034476],[14.34474,42.034358],[14.344784,42.034302],[14.344797,42.03428],[14.345024,42.034272],[14.345061,42.034284],[14.34508,42.034261],[14.345085,42.034187],[14.345091,42.034163],[14.345126,42.034152],[14.345736,42.033947],[14.345756,42.03394],[14.345797,42.033993],[14.345851,42.034122],[14.346004,42.034344],[14.346051,42.034367],[14.346073,42.034405],[14.345952,42.034437],[14.345867,42.034466]]]]}},
{"type":"Feature","properties":{"fid":14,"gml_id":"CadastralZoning.IT.AGE.MAP.A956_0007D0","ADMINISTRATIVEUNIT":"A956","foglio":"0007","comune":"BOMBA"},"geometry":{"type":"MultiPolygon","coordinates":[[[[14.355579,42.030255],[14.35571,42.030488],[14.355783,42.030561],[14.355841,42.030612],[14.355916,42.030662],[14.355958,42.03069],[14.356142,42.030753],[14.356166,42.030776],[14.355959,42.030821],[14.355932,42.030827],[14.355872,42.030838],[14.355839,42.03084],[14.355798,42.030844],[14.355754,42.030847],[14.355727,42.030846],[14.355546,42.030835],[14.355385,42.030859],[14.355197,42.03088],[14.355058,42.030884],[14.354912,42.030888],[14.354782,42.030893],[14.35468,42.030898],[14.354662,42.030883],[14.354639,42.030876],[14.354665,42.030822],[14.354761,42.030619],[14.354835,42.030435],[14.354855,42.030433],[14.354811,42.030243],[14.354783,42.030098],[14.354809,42.030081],[14.354989,42.030068],[14.35511,42.030067],[14.355171,42.030148],[14.355242,42.030158],[14.355318,42.03017],[14.3554,42.030182],[14.35545,42.030199],[14.355579,42.030255]]]]}},
{"type":"Feature","properties":{"fid":15,"gml_id":"CadastralZoning.IT.AGE.MAP.A956_0007E0","ADMINISTRATIVEUNIT":"A956","foglio":"0007","comune":"BOMBA"},"geometry":{"type":"MultiPolygon","coordinates":[[[[14.350363,42.029389],[14.350345,42.029492],[14.350171,42.029481],[14.350039,42.029494],[14.350048,42.029553],[14.350004,42.029563],[14.349967,42.029562],[14.349911,42.029567],[14.349843,42.029388],[14.349761,42.029121],[14.349851,42.029145],[14.349952,42.029167],[14.350047,42.029187],[14.350035,42.02904],[14.349969,42.028832],[14.349828,42.028791],[14.349685,42.028739],[14.34972,42.028516],[14.34989,42.028402],[14.349915,42.02838],[14.349947,42.028365],[14.35005,42.028316],[14.350142,42.028271],[14.350165,42.028275],[14.35023,42.028341],[14.350274,42.028349],[14.350363,42.028365],[14.3504,42.028387],[14.350488,42.028436],[14.350531,42.028455],[14.350457,42.028536],[14.35039,42.028787],[14.350367,42.029157],[14.350369,42.029206],[14.350368,42.02922],[14.350363,42.029389]]]]}},
{"type":"Feature","properties":{"fid":16,"gml_id":"CadastralZoning.IT.AGE.MAP.A956_000800","ADMINISTRATIVEUNIT":"A956","foglio":"0008","comune":"BOMBA"},"geometry":{"type":"MultiPolygon","coordinates":[[[[14.367243,42.02979],[14.36719,42.029767],[14.367193,42.029804],[14.367071,42.029862],[14.367001,42.029944],[14.36699,42.029996],[14.366979,42.030023],[14.366967,42.030056],[14.366924,42.030107],[14.366865,42.030183],[14.366786,42.030297],[14.366756,42.03034],[14.366605,42.030471],[14.36657,42.030606],[14.366609,42.030702],[14.366632,42.03085],[14.366657,42.03094],[14.366633,42.031031],[14.366627,42.031067],[14.366685,42.031136],[14.366673,42.031297],[14.36667,42.031355],[14.366737,42.031487],[14.366759,42.031543],[14.366788,42.031549],[14.366987,42.031577],[14.366979,42.031624],[14.366977,42.031654],[14.367023,42.031651],[14.367021,42.031664],[14.367088,42.031669],[14.36718,42.031676],[14.367164,42.031853],[14.367159,42.03187],[14.367183,42.031877],[14.367182,42.031894],[14.367249,42.031896],[14.367252,42.031859],[14.367275,42.031859],[14.367288,42.031837],[14.367287,42.031781],[14.367376,42.031779],[14.367443,42.031783],[14.367452,42.031784],[14.367475,42.03182],[14.367476,42.031824],[14.367478,42.031834],[14.367491,42.031915],[14.367556,42.031918],[14.367716,42.031927],[14.368113,42.031921],[14.368084,42.031941],[14.368068,42.031961],[14.368016,42.032023],[14.368033,42.032037],[14.368035,42.032038],[14.368038,42.03204],[14.368039,42.032043],[14.368025,42.032074],[14.368022,42.032078],[14.36801,42.032091],[14.367995,42.032108],[14.367971,42.032123],[14.367936,42.032146],[14.367928,42.032153],[14.36791,42.032171],[14.367846,42.032162],[14.367824,42.03216],[14.36761,42.032138],[14.367472,42.03212],[14.367482,42.032144],[14.367487,42.032156],[14.367476,42.032242],[14.367492,42.032255],[14.367475,42.032286],[14.367455,42.032283],[14.367418,42.032285],[14.367275,42.032292],[14.367233,42.032294],[14.367254,42.032232],[14.36727,42.03216],[14.367266,42.032112],[14.367261,42.032022],[14.367254,42.031929],[14.367174,42.031926],[14.367068,42.031906],[14.36695,42.031914],[14.366798,42.031879],[14.366733,42.031855],[14.366714,42.031841],[14.366657,42.031825],[14.36643,42.031983],[14.366297,42.032034],[14.366063,42.032103],[14.365932,42.032067],[14.365894,42.032079],[14.365702,42.03207],[14.3657,42.032161],[14.365693,42.032248],[14.365665,42.032257],[14.36563,42.032411],[14.365769,42.032362],[14.365725,42.032462],[14.365732,42.03257],[14.365811,42.032612],[14.365833,42.032656],[14.365713,42.03262],[14.365502,42.032764],[14.365471,42.03276],[14.365289,42.032745],[14.36519,42.032735],[14.36512,42.03274],[14.365014,42.032744],[14.364906,42.032733],[14.364827,42.032734],[14.364724,42.032687],[14.36465,42.032685],[14.364471,42.032672],[14.364423,42.032622],[14.364354,42.032665],[14.364297,42.032706],[14.36438,42.032761],[14.364471,42.032793],[14.364494,42.032801],[14.364588,42.032812],[14.364718,42.032852],[14.364784,42.032863],[14.36478,42.032969],[14.364769,42.03318],[14.364776,42.033252],[14.365128,42.033037],[14.365155,42.033137],[14.365167,42.033343],[14.365116,42.033444],[14.365055,42.033649],[14.364969,42.033726],[14.364934,42.033778],[14.364966,42.033847],[14.364974,42.033887],[14.364974,42.033916],[14.365013,42.033957],[14.365024,42.034024],[14.365043,42.0341],[14.365019,42.034134],[14.365016,42.034164],[14.365074,42.034273],[14.365054,42.034312],[14.364978,42.034326],[14.364905,42.034309],[14.364733,42.034319],[14.364671,42.034337],[14.364623,42.034354],[14.364522,42.034342],[14.364478,42.034353],[14.364383,42.034422],[14.364356,42.03443],[14.364281,42.034446],[14.364251,42.034485],[14.364193,42.034568],[14.364106,42.034672],[14.364077,42.034737],[14.364105,42.034801],[14.364136,42.034819],[14.364109,42.034878],[14.364062,42.034994],[14.364034,42.035126],[14.363982,42.035234],[14.363995,42.035282],[14.364,42.035376],[14.364051,42.035383],[14.364145,42.035414],[14.364257,42.035455],[14.364379,42.035517],[14.364352,42.035548],[14.364325,42.035542],[14.364173,42.035592],[14.364072,42.035593],[14.364028,42.035628],[14.363998,42.035662],[14.363932,42.035693],[14.363828,42.035771],[14.363758,42.035807],[14.363731,42.035837],[14.363636,42.03596],[14.363572,42.036056],[14.363544,42.036101],[14.363516,42.036152],[14.363483,42.036223],[14.363484,42.036356],[14.363524,42.036453],[14.363556,42.036648],[14.363503,42.036764],[14.363595,42.036795],[14.363775,42.036853],[14.363741,42.036895],[14.363652,42.036946],[14.363586,42.036971],[14.363617,42.037008],[14.363592,42.037136],[14.363646,42.037335],[14.36371,42.037432],[14.363715,42.037494],[14.363723,42.037621],[14.36375,42.037816],[14.36374,42.037925],[14.363739,42.037945],[14.363824,42.038053],[14.363887,42.038053],[14.363852,42.038113],[14.363783,42.038254],[14.363683,42.038431],[14.363587,42.038552],[14.363544,42.038634],[14.363531,42.038689],[14.363525,42.038732],[14.363458,42.038742],[14.363487,42.039016],[14.363516,42.039142],[14.363788,42.039275],[14.363884,42.039251],[14.364123,42.039259],[14.364122,42.03928],[14.364131,42.039326],[14.364109,42.039361],[14.364083,42.039385],[14.363855,42.039471],[14.363789,42.039499],[14.363707,42.039535],[14.363672,42.039586],[14.363657,42.039611],[14.363333,42.039653],[14.363222,42.039706],[14.363262,42.039821],[14.362889,42.039862],[14.362743,42.039851],[14.362677,42.039846],[14.362522,42.039836],[14.362468,42.039846],[14.362399,42.039843],[14.362292,42.039846],[14.362143,42.039843],[14.362132,42.039842],[14.362102,42.039866],[14.362029,42.039924],[14.36191,42.03993],[14.361671,42.039998],[14.361347,42.039951],[14.361297,42.039981],[14.361201,42.039941],[14.361057,42.039943],[14.360895,42.040015],[14.36068,42.040054],[14.360586,42.040115],[14.360613,42.040206],[14.360599,42.040284],[14.360535,42.040306],[14.360508,42.04037],[14.360383,42.040448],[14.360333,42.040519],[14.360031,42.040694],[14.360038,42.040741],[14.359936,42.040779],[14.359798,42.040821],[14.359581,42.040859],[14.359512,42.040895],[14.359349,42.041065],[14.359119,42.041066],[14.358922,42.040937],[14.358723,42.040986],[14.358451,42.040756],[14.358183,42.040928],[14.357938,42.041001],[14.357813,42.041038],[14.357582,42.041245],[14.357479,42.041253],[14.357405,42.041225],[14.357341,42.0412],[14.357212,42.041031],[14.357295,42.040815],[14.357266,42.040798],[14.35711,42.04071],[14.357009,42.040692],[14.356876,42.040659],[14.356837,42.040626],[14.35689,42.040579],[14.35688,42.040505],[14.356727,42.040444],[14.35641,42.040276],[14.35628,42.040144],[14.356223,42.040123],[14.356143,42.040094],[14.356115,42.040084],[14.355983,42.040001],[14.35588,42.039993],[14.355784,42.039961],[14.355788,42.039851],[14.355751,42.039782],[14.355722,42.039775],[14.355644,42.039775],[14.355515,42.03986],[14.355443,42.039977],[14.355403,42.039974],[14.355318,42.039869],[14.355272,42.039841],[14.355262,42.039727],[14.355332,42.039706],[14.35537,42.039695],[14.355449,42.039673],[14.355493,42.039605],[14.355542,42.039551],[14.355561,42.039366],[14.355562,42.039301],[14.355572,42.039116],[14.3556,42.039072],[14.35563,42.039027],[14.355628,42.039024],[14.355632,42.039017],[14.35566,42.038985],[14.355751,42.038839],[14.355797,42.03878],[14.355837,42.038735],[14.355842,42.038729],[14.3559,42.038665],[14.355969,42.038593],[14.355973,42.03859],[14.35598,42.038583],[14.356023,42.038541],[14.356026,42.038541],[14.356033,42.038538],[14.356043,42.038535],[14.356061,42.03853],[14.356202,42.038483],[14.356207,42.038474],[14.356231,42.038443],[14.356239,42.038434],[14.356373,42.038379],[14.356382,42.038376],[14.356515,42.038242],[14.356534,42.038208],[14.356606,42.038094],[14.356679,42.037975],[14.356665,42.037899],[14.356651,42.037826],[14.356613,42.037779],[14.35655,42.037708],[14.356552,42.03764],[14.356553,42.037606],[14.356555,42.037593],[14.356553,42.037593],[14.356387,42.037611],[14.356384,42.037612],[14.356389,42.03755],[14.356389,42.037539],[14.356356,42.037455],[14.356345,42.03742],[14.356296,42.037282],[14.356271,42.037219],[14.356249,42.037161],[14.356206,42.037108],[14.356204,42.037105],[14.356162,42.037068],[14.356151,42.037069],[14.356126,42.037037],[14.356123,42.037032],[14.356125,42.036851],[14.356086,42.036852],[14.355804,42.036885],[14.355688,42.036897],[14.355678,42.036873],[14.355617,42.036882],[14.355598,42.036837],[14.35559,42.036819],[14.355591,42.036814],[14.355594,42.036769],[14.355598,42.036684],[14.355599,42.036676],[14.355521,42.036644],[14.355523,42.036649],[14.355342,42.036584],[14.355242,42.03655],[14.35513,42.036637],[14.354877,42.036518],[14.355028,42.036445],[14.354912,42.036341],[14.35491,42.03634],[14.354851,42.036305],[14.354915,42.036246],[14.355037,42.036136],[14.355257,42.035937],[14.355417,42.035785],[14.355441,42.035773],[14.355556,42.035719],[14.355605,42.035706],[14.35569,42.035699],[14.355717,42.035702],[14.355887,42.03574],[14.355962,42.035755],[14.356018,42.035769],[14.356017,42.035766],[14.356002,42.035714],[14.35595,42.035535],[14.35593,42.035467],[14.355898,42.035385],[14.355897,42.035382],[14.355905,42.035381],[14.355753,42.035126],[14.355696,42.035032],[14.355694,42.035032],[14.35566,42.034972],[14.355657,42.034968],[14.355653,42.034961],[14.355371,42.034961],[14.355455,42.034387],[14.355127,42.034378],[14.355109,42.03437],[14.355018,42.034321],[14.354958,42.034288],[14.354973,42.034176],[14.354985,42.034084],[14.355046,42.034052],[14.355117,42.034015],[14.355228,42.033997],[14.355231,42.033998],[14.355302,42.034009],[14.355321,42.034012],[14.355444,42.034033],[14.355637,42.034065],[14.355636,42.034061],[14.355613,42.033937],[14.355608,42.033902],[14.355581,42.033666],[14.355576,42.033625],[14.355585,42.033353],[14.355591,42.033318],[14.355593,42.033313],[14.355657,42.033322],[14.355838,42.03335],[14.355882,42.033358],[14.356001,42.033346],[14.356013,42.033345],[14.356066,42.03334],[14.356175,42.03333],[14.356337,42.033314],[14.356387,42.03331],[14.356537,42.033294],[14.356704,42.033259],[14.356706,42.033244],[14.35671,42.033211],[14.356707,42.033212],[14.356707,42.033204],[14.356711,42.033204],[14.356727,42.03302],[14.356733,42.03297],[14.356678,42.032966],[14.356482,42.032941],[14.35642,42.032927],[14.3564,42.032921],[14.356377,42.032916],[14.356275,42.032893],[14.356248,42.032885],[14.356237,42.032881],[14.356233,42.03288],[14.356138,42.032854],[14.35596,42.032804],[14.35599,42.032479],[14.355992,42.032459],[14.355897,42.032438],[14.355832,42.032424],[14.355875,42.032252],[14.355878,42.032236],[14.355981,42.03225],[14.356031,42.03211],[14.356079,42.031975],[14.356119,42.031858],[14.356271,42.031618],[14.356451,42.031699],[14.356592,42.031552],[14.356626,42.031516],[14.356516,42.031318],[14.356596,42.031275],[14.356596,42.031272],[14.356573,42.031236],[14.356375,42.031198],[14.356347,42.031178],[14.356307,42.031147],[14.356193,42.031072],[14.356066,42.030985],[14.356043,42.030952],[14.356041,42.030945],[14.355976,42.030852],[14.355971,42.030842],[14.355965,42.03082],[14.356166,42.030776],[14.356142,42.030753],[14.355958,42.03069],[14.355926,42.030669],[14.355916,42.030662],[14.355841,42.030612],[14.355783,42.030561],[14.35571,42.030488],[14.355625,42.030337],[14.355579,42.030255],[14.355459,42.030203],[14.35545,42.030199],[14.3554,42.030182],[14.355318,42.03017],[14.355307,42.030168],[14.355299,42.030167],[14.355171,42.030148],[14.35511,42.030065],[14.355108,42.030066],[14.355067,42.029936],[14.355033,42.029834],[14.355031,42.02983],[14.355124,42.029743],[14.355292,42.029627],[14.355399,42.029553],[14.355539,42.029518],[14.355726,42.029455],[14.355753,42.029448],[14.35577,42.029444],[14.355779,42.029421],[14.355777,42.029419],[14.355758,42.029406],[14.355645,42.029354],[14.355556,42.029274],[14.355464,42.029157],[14.355414,42.02909],[14.355364,42.029025],[14.355295,42.028937],[14.355274,42.028865],[14.35527,42.028846],[14.355265,42.028823],[14.355261,42.028809],[14.355249,42.028756],[14.355221,42.028643],[14.355137,42.028438],[14.355098,42.028316],[14.355068,42.028223],[14.35503,42.028116],[14.355021,42.028025],[14.355024,42.027937],[14.355008,42.027838],[14.354951,42.027736],[14.354863,42.027735],[14.354649,42.027759],[14.354629,42.027764],[14.354391,42.027826],[14.354316,42.027853],[14.354247,42.027873],[14.354084,42.027805],[14.354,42.027769],[14.35404,42.027752],[14.354174,42.027686],[14.354516,42.027521],[14.354711,42.027446],[14.354833,42.027401],[14.354895,42.027378],[14.3549,42.027376],[14.355333,42.027166],[14.355332,42.027151],[14.355331,42.027134],[14.355323,42.027125],[14.355287,42.027074],[14.355283,42.027033],[14.355282,42.027027],[14.355275,42.026949],[14.355271,42.026903],[14.355299,42.026818],[14.355341,42.02669],[14.355371,42.02658],[14.355373,42.026572],[14.355362,42.026501],[14.355397,42.026407],[14.35542,42.026394],[14.355422,42.026393],[14.355474,42.026361],[14.355466,42.026344],[14.355452,42.026295],[14.355502,42.026182],[14.355498,42.026168],[14.355467,42.026064],[14.355441,42.026012],[14.355439,42.026011],[14.355415,42.025999],[14.355408,42.025998],[14.355399,42.025965],[14.355421,42.025862],[14.355438,42.025785],[14.355598,42.025822],[14.355758,42.025879],[14.355825,42.025806],[14.355922,42.025829],[14.355947,42.02581],[14.356102,42.025775],[14.356153,42.025724],[14.356179,42.025667],[14.356217,42.025585],[14.356286,42.025374],[14.356344,42.025255],[14.356369,42.02528],[14.35638,42.025373],[14.356593,42.025375],[14.356862,42.025344],[14.356955,42.025325],[14.357009,42.025376],[14.357069,42.025405],[14.357238,42.025485],[14.357339,42.025554],[14.357367,42.025571],[14.357394,42.025586],[14.357458,42.025673],[14.357456,42.02575],[14.357472,42.025811],[14.357492,42.025815],[14.357545,42.025826],[14.357514,42.025857],[14.357534,42.025883],[14.357675,42.025871],[14.357659,42.025996],[14.357718,42.02604],[14.35779,42.026009],[14.357874,42.025974],[14.358027,42.025966],[14.358181,42.025948],[14.358246,42.025918],[14.358415,42.025865],[14.358434,42.025859],[14.358544,42.025839],[14.358665,42.025794],[14.358743,42.025737],[14.35886,42.025694],[14.358956,42.025664],[14.35909,42.02567],[14.359204,42.025631],[14.359348,42.025583],[14.359499,42.025479],[14.359554,42.025379],[14.359587,42.025343],[14.359629,42.025326],[14.359671,42.025324],[14.359789,42.025367],[14.359852,42.025384],[14.35988,42.025392],[14.359953,42.025455],[14.360289,42.025622],[14.360442,42.025698],[14.360458,42.025703],[14.360556,42.025732],[14.36065,42.025813],[14.360822,42.025936],[14.361025,42.026008],[14.361111,42.026013],[14.361127,42.026014],[14.361352,42.025904],[14.361413,42.025864],[14.361505,42.025846],[14.361539,42.025847],[14.361551,42.025819],[14.361682,42.025569],[14.361791,42.025381],[14.361867,42.025248],[14.361981,42.025046],[14.362526,42.024305],[14.362838,42.024418],[14.362948,42.024455],[14.363077,42.024496],[14.363334,42.024578],[14.36333,42.024664],[14.363577,42.024755],[14.363583,42.024757],[14.363784,42.024738],[14.363959,42.024751],[14.363991,42.024752],[14.363996,42.024766],[14.364096,42.024706],[14.364195,42.024612],[14.364389,42.024428],[14.364436,42.024381],[14.364527,42.024423],[14.364539,42.024479],[14.364575,42.024602],[14.36464,42.024646],[14.364674,42.024656],[14.364695,42.024662],[14.364956,42.024737],[14.365127,42.02474],[14.36535,42.024757],[14.365598,42.02478],[14.365627,42.024785],[14.365689,42.024722],[14.366114,42.024849],[14.366654,42.024998],[14.366655,42.024954],[14.366862,42.024971],[14.367022,42.024962],[14.367015,42.025042],[14.367339,42.025086],[14.367387,42.025088],[14.367434,42.02498],[14.36745,42.02492],[14.36771,42.024978],[14.368404,42.025119],[14.368341,42.025287],[14.368256,42.025514],[14.368218,42.025569],[14.368156,42.025659],[14.368147,42.025672],[14.368124,42.025706],[14.36811,42.025766],[14.368095,42.025831],[14.368078,42.025933],[14.368066,42.025999],[14.368036,42.026155],[14.367981,42.026243],[14.367944,42.026319],[14.367886,42.026437],[14.367883,42.026489],[14.367875,42.026607],[14.367834,42.026775],[14.367778,42.027005],[14.36774,42.02712],[14.367669,42.027241],[14.367647,42.027236],[14.367544,42.027209],[14.36752,42.027286],[14.367294,42.027204],[14.367262,42.027242],[14.367242,42.02728],[14.36714,42.027391],[14.367037,42.027359],[14.366947,42.027362],[14.366959,42.027383],[14.366934,42.027443],[14.36682,42.027445],[14.36684,42.02756],[14.366797,42.027864],[14.366814,42.027902],[14.367038,42.027834],[14.367282,42.027847],[14.367215,42.028009],[14.367208,42.028039],[14.367087,42.02804],[14.366943,42.028042],[14.366873,42.028036],[14.366841,42.028033],[14.366715,42.02802],[14.366692,42.028018],[14.366659,42.028068],[14.366629,42.028053],[14.366616,42.028073],[14.366584,42.028139],[14.366576,42.028152],[14.366518,42.028149],[14.366237,42.028144],[14.366224,42.028197],[14.365928,42.028235],[14.36593,42.028261],[14.365611,42.028376],[14.365577,42.028318],[14.36538,42.028361],[14.365387,42.028501],[14.365216,42.028555],[14.36518,42.028566],[14.365189,42.028596],[14.365198,42.028671],[14.365223,42.028717],[14.365262,42.0288],[14.365378,42.028926],[14.365311,42.028949],[14.365345,42.029007],[14.365237,42.029061],[14.365046,42.029207],[14.36517,42.029298],[14.365335,42.029394],[14.365816,42.029241],[14.365855,42.029256],[14.365913,42.029282],[14.366089,42.029295],[14.366187,42.029305],[14.366275,42.029323],[14.366281,42.029446],[14.366315,42.029573],[14.366364,42.029551],[14.366402,42.029538],[14.366665,42.029493],[14.366803,42.02947],[14.366785,42.029422],[14.366933,42.029372],[14.366945,42.029368],[14.367021,42.029564],[14.367073,42.029555],[14.367178,42.029528],[14.367171,42.029516],[14.367285,42.029497],[14.36733,42.029504],[14.367371,42.029431],[14.367381,42.02932],[14.367369,42.029276],[14.367314,42.029282],[14.367289,42.029187],[14.367424,42.029174],[14.367526,42.029167],[14.367531,42.029167],[14.367532,42.02918],[14.367541,42.029309],[14.367543,42.029339],[14.367543,42.029347],[14.367547,42.029408],[14.36755,42.029455],[14.36755,42.029462],[14.367549,42.029488],[14.367617,42.029476],[14.367639,42.029471],[14.36765,42.029468],[14.367675,42.029543],[14.367688,42.029583],[14.367614,42.029596],[14.367714,42.029673],[14.367749,42.029699],[14.367816,42.029762],[14.367868,42.029809],[14.367869,42.029893],[14.36787,42.029902],[14.367898,42.029936],[14.367882,42.029959],[14.367868,42.029982],[14.367847,42.030017],[14.367826,42.030007],[14.367737,42.030034],[14.367685,42.030025],[14.367626,42.030016],[14.367594,42.030012],[14.367432,42.03001],[14.367357,42.02994],[14.367283,42.029881],[14.367328,42.029806],[14.367284,42.029794],[14.367243,42.02979]],[[14.356602,42.034106],[14.356244,42.034188],[14.356126,42.034201],[14.356116,42.034202],[14.355704,42.034156],[14.355453,42.034123],[14.355404,42.034194],[14.355702,42.034208],[14.356151,42.034251],[14.356348,42.034252],[14.356608,42.034234],[14.356602,42.034106]],[[14.362895,42.037264],[14.362939,42.037229],[14.363005,42.037197],[14.363085,42.037154],[14.363193,42.037022],[14.363031,42.036984],[14.363002,42.036941],[14.362977,42.036892],[14.362966,42.036819],[14.362998,42.036747],[14.362798,42.036731],[14.36269,42.036874],[14.362677,42.036936],[14.362634,42.036993],[14.362603,42.037056],[14.362578,42.037122],[14.36274,42.037181],[14.362727,42.037208],[14.362895,42.037264]],[[14.360942,42.034645],[14.361087,42.034637],[14.361195,42.034651],[14.361308,42.034606],[14.361436,42.034606],[14.361445,42.034555],[14.361292,42.034393],[14.361202,42.034327],[14.361045,42.034502],[14.361151,42.03454],[14.361099,42.0346],[14.360981,42.034554],[14.360966,42.034584],[14.360942,42.034645]],[[14.359693,42.033698],[14.359887,42.033742],[14.360341,42.033889],[14.360546,42.033407],[14.360392,42.033373],[14.360313,42.033338],[14.360176,42.033221],[14.360065,42.03312],[14.359979,42.033093],[14.359851,42.033314],[14.359809,42.033391],[14.359747,42.033554],[14.359693,42.033698]],[[14.357351,42.026488],[14.357412,42.026416],[14.357549,42.026287],[14.357573,42.026245],[14.357207,42.026054],[14.357189,42.026028],[14.357014,42.02589],[14.356996,42.02591],[14.356938,42.025926],[14.356866,42.025929],[14.356717,42.025895],[14.356654,42.026029],[14.356633,42.026093],[14.35669,42.02616],[14.356826,42.026165],[14.35689,42.026156],[14.356951,42.026167],[14.356965,42.026208],[14.356965,42.026253],[14.357351,42.026488]],[[14.360949,42.027927],[14.361108,42.028003],[14.361343,42.028049],[14.361416,42.027899],[14.361483,42.027746],[14.36151,42.027679],[14.361601,42.027538],[14.361694,42.027431],[14.361728,42.027416],[14.361765,42.027378],[14.361534,42.027249],[14.361444,42.027343],[14.361193,42.027134],[14.361149,42.027161],[14.361136,42.027149],[14.36054,42.02661],[14.360509,42.026589],[14.360409,42.026636],[14.360314,42.02665],[14.360246,42.026685],[14.360338,42.02679],[14.36064,42.027141],[14.360598,42.027154],[14.360653,42.027224],[14.360574,42.027265],[14.360544,42.027274],[14.360689,42.027382],[14.360816,42.027456],[14.360848,42.027406],[14.360937,42.027351],[14.360974,42.027319],[14.361069,42.027257],[14.361177,42.027327],[14.361262,42.027371],[14.361173,42.027471],[14.361103,42.027575],[14.360949,42.027927]],[[14.363372,42.026637],[14.363354,42.026606],[14.363412,42.026527],[14.363425,42.026496],[14.363398,42.026465],[14.362999,42.026239],[14.362928,42.02619],[14.362812,42.026176],[14.362694,42.026148],[14.362585,42.026549],[14.362349,42.026504],[14.362123,42.026456],[14.362071,42.026581],[14.362535,42.026692],[14.362754,42.026737],[14.36299,42.026796],[14.363102,42.02671],[14.363142,42.026683],[14.36323,42.026646],[14.363337,42.026648],[14.363372,42.026637]],[[14.36049,42.03508],[14.360331,42.03504],[14.360176,42.034974],[14.360151,42.035047],[14.360147,42.035065],[14.360378,42.03516],[14.360502,42.035242],[14.360335,42.035407],[14.360339,42.03548],[14.360526,42.035321],[14.360585,42.035254],[14.360593,42.035196],[14.360585,42.035081],[14.36049,42.03508]],[[14.358014,42.033273],[14.358277,42.03332],[14.35842,42.033082],[14.358179,42.03295],[14.358171,42.033049],[14.358119,42.033047],[14.358052,42.033155],[14.358027,42.033199],[14.358014,42.033273]]]]}},
{"type":"Feature","properties":{"fid":17,"gml_id":"CadastralZoning.IT.AGE.MAP.A956_0008A0","ADMINISTRATIVEUNIT":"A956","foglio":"0008","comune":"BOMBA"},"geometry":{"type":"MultiPolygon","coordinates":[[[[14.362946,42.037225],[14.362931,42.037233],[14.362887,42.037267],[14.362712,42.037209],[14.362729,42.037183],[14.362661,42.03716],[14.362565,42.037124],[14.362593,42.037059],[14.362632,42.036984],[14.362666,42.036937],[14.362681,42.03687],[14.362786,42.036736],[14.362985,42.036747],[14.362953,42.036821],[14.36297,42.036912],[14.363027,42.036989],[14.363107,42.037008],[14.363183,42.037024],[14.363133,42.037092],[14.363091,42.037134],[14.363062,42.037161],[14.362974,42.037209],[14.362946,42.037225]]]]}},
{"type":"Feature","properties":{"fid":18,"gml_id":"CadastralZoning.IT.AGE.MAP.A956_0008B0","ADMINISTRATIVEUNIT":"A956","foglio":"0008","comune":"BOMBA"},"geometry":{"type":"MultiPolygon","coordinates":[[[[14.360339,42.035047],[14.360493,42.035089],[14.360591,42.035096],[14.360601,42.035197],[14.360595,42.035248],[14.360592,42.035256],[14.360532,42.035321],[14.36047,42.035371],[14.360347,42.035481],[14.360341,42.035465],[14.36035,42.035439],[14.360386,42.035362],[14.360487,42.03523],[14.360385,42.035161],[14.360157,42.035056],[14.360166,42.035018],[14.360183,42.034981],[14.360339,42.035047]]]]}},
{"type":"Feature","properties":{"fid":19,"gml_id":"CadastralZoning.IT.AGE.MAP.A956_0008C0","ADMINISTRATIVEUNIT":"A956","foglio":"0008","comune":"BOMBA"},"geometry":{"type":"MultiPolygon","coordinates":[[[[14.361092,42.034598],[14.361143,42.034535],[14.361044,42.034498],[14.361206,42.034324],[14.361284,42.034383],[14.361324,42.034424],[14.361446,42.034554],[14.361438,42.034598],[14.361305,42.034604],[14.36119,42.034647],[14.361109,42.034635],[14.361068,42.034629],[14.360929,42.03464],[14.360973,42.034546],[14.361092,42.034598]]]]}},
{"type":"Feature","properties":{"fid":20,"gml_id":"CadastralZoning.IT.AGE.MAP.A956_0008D0","ADMINISTRATIVEUNIT":"A956","foglio":"0008","comune":"BOMBA"},"geometry":{"type":"MultiPolygon","coordinates":[[[[14.355636,42.034147],[14.355867,42.034175],[14.35603,42.034191],[14.356132,42.034196],[14.356217,42.03419],[14.356365,42.034157],[14.356471,42.034134],[14.356614,42.034102],[14.356624,42.034229],[14.356487,42.034242],[14.356356,42.034247],[14.356187,42.034243],[14.356114,42.034241],[14.356021,42.03423],[14.355861,42.034218],[14.355756,42.034209],[14.355638,42.0342],[14.35541,42.034197],[14.355463,42.034118],[14.35558,42.03414],[14.355636,42.034147]]]]}},
{"type":"Feature","properties":{"fid":21,"gml_id":"CadastralZoning.IT.AGE.MAP.A956_0008E0","ADMINISTRATIVEUNIT":"A956","foglio":"0008","comune":"BOMBA"},"geometry":{"type":"MultiPolygon","coordinates":[[[[14.358068,42.033168],[14.358081,42.033144],[14.358154,42.033049],[14.358174,42.033052],[14.358198,42.033056],[14.358208,42.032948],[14.358459,42.033084],[14.358383,42.033202],[14.358306,42.033325],[14.35812,42.033293],[14.35802,42.033276],[14.358055,42.033196],[14.358068,42.033168]]]]}},
{"type":"Feature","properties":{"fid":22,"gml_id":"CadastralZoning.IT.AGE.MAP.A956_0008F0","ADMINISTRATIVEUNIT":"A956","foglio":"0008","comune":"BOMBA"},"geometry":{"type":"MultiPolygon","coordinates":[[[[14.359726,42.033594],[14.359751,42.03353],[14.359778,42.033453],[14.3598,42.033395],[14.359817,42.033364],[14.359836,42.03333],[14.359974,42.03309],[14.360012,42.033103],[14.360051,42.033116],[14.360083,42.033138],[14.360116,42.033164],[14.36015,42.033191],[14.36024,42.033261],[14.360327,42.033339],[14.360384,42.033363],[14.360438,42.033377],[14.360555,42.033398],[14.360509,42.033498],[14.360408,42.033714],[14.36034,42.033891],[14.360244,42.033858],[14.360188,42.03384],[14.36013,42.033822],[14.360007,42.033782],[14.359887,42.033743],[14.359693,42.0337],[14.359726,42.033594]]]]}},
{"type":"Feature","properties":{"fid":23,"gml_id":"CadastralZoning.IT.AGE.MAP.A956_0008G0","ADMINISTRATIVEUNIT":"A956","foglio":"0008","comune":"BOMBA"},"geometry":{"type":"MultiPolygon","coordinates":[[[[14.367373,42.027648],[14.367353,42.027681],[14.36734,42.027733],[14.367324,42.027732],[14.367317,42.027748],[14.367267,42.027854],[14.367252,42.027887],[14.366989,42.027831],[14.366774,42.027893],[14.366782,42.027845],[14.366787,42.027717],[14.366791,42.027598],[14.366785,42.02754],[14.36678,42.027502],[14.366775,42.027462],[14.366884,42.027444],[14.366896,42.027418],[14.366905,42.027383],[14.366894,42.027361],[14.36699,42.027359],[14.367093,42.027389],[14.367122,42.027353],[14.367152,42.027316],[14.367185,42.027276],[14.367212,42.027243],[14.367242,42.027202],[14.367387,42.027257],[14.367472,42.027285],[14.367486,42.027252],[14.367489,42.027208],[14.367646,42.027252],[14.367623,42.027287],[14.367604,42.027316],[14.367567,42.027369],[14.367537,42.027412],[14.367484,42.027489],[14.367449,42.027538],[14.367429,42.027567],[14.36739,42.027623],[14.367373,42.027648]]]]}},
{"type":"Feature","properties":{"fid":24,"gml_id":"CadastralZoning.IT.AGE.MAP.A956_0008H0","ADMINISTRATIVEUNIT":"A956","foglio":"0008","comune":"BOMBA"},"geometry":{"type":"MultiPolygon","coordinates":[[[[14.36706,42.029558],[14.367005,42.029567],[14.366933,42.029374],[14.366923,42.029378],[14.366772,42.029433],[14.366793,42.029476],[14.36666,42.029492],[14.366385,42.029538],[14.36636,42.029551],[14.366302,42.029583],[14.366262,42.029461],[14.366271,42.02935],[14.366259,42.029335],[14.366185,42.029312],[14.365866,42.02929],[14.365795,42.029252],[14.365572,42.029317],[14.365311,42.029406],[14.365159,42.029315],[14.365028,42.029214],[14.365231,42.029067],[14.36533,42.029017],[14.3653,42.028959],[14.36536,42.028936],[14.365254,42.028806],[14.365186,42.028676],[14.365168,42.028559],[14.365206,42.028554],[14.365375,42.028503],[14.365365,42.028353],[14.365554,42.028314],[14.365595,42.028374],[14.365804,42.028302],[14.365915,42.028265],[14.365916,42.028236],[14.366209,42.028194],[14.366214,42.028172],[14.366219,42.028137],[14.366432,42.028133],[14.366526,42.028137],[14.366568,42.028139],[14.366616,42.028045],[14.366646,42.02806],[14.366677,42.028009],[14.366933,42.028024],[14.367187,42.028027],[14.367188,42.028136],[14.367188,42.028173],[14.367188,42.028215],[14.367179,42.028288],[14.36718,42.028298],[14.367183,42.028303],[14.367213,42.02835],[14.36722,42.028361],[14.367225,42.028369],[14.367227,42.028394],[14.367236,42.028481],[14.367268,42.02856],[14.367286,42.028607],[14.367311,42.02866],[14.36734,42.028727],[14.367347,42.028743],[14.367354,42.02876],[14.367412,42.028899],[14.367446,42.02898],[14.36748,42.029035],[14.367485,42.029046],[14.367512,42.029105],[14.36752,42.02917],[14.367468,42.029171],[14.367278,42.029197],[14.367299,42.029276],[14.367349,42.02927],[14.367365,42.029336],[14.367343,42.029423],[14.367325,42.029459],[14.367305,42.029501],[14.367288,42.029494],[14.367234,42.029502],[14.367197,42.029507],[14.367156,42.029532],[14.36706,42.029558]]]]}},
{"type":"Feature","properties":{"fid":25,"gml_id":"CadastralZoning.IT.AGE.MAP.A956_0008I0","ADMINISTRATIVEUNIT":"A956","foglio":"0008","comune":"BOMBA"},"geometry":{"type":"MultiPolygon","coordinates":[[[[14.361055,42.027968],[14.360935,42.027912],[14.361007,42.027743],[14.361102,42.027548],[14.361142,42.027491],[14.361252,42.02737],[14.361256,42.02736],[14.361173,42.027323],[14.361057,42.027248],[14.361019,42.027271],[14.360995,42.027289],[14.360973,42.027305],[14.36094,42.027331],[14.360931,42.027337],[14.360915,42.027349],[14.360841,42.027396],[14.360831,42.027403],[14.360804,42.027451],[14.360712,42.0274],[14.36053,42.027274],[14.360612,42.027236],[14.360637,42.027222],[14.360571,42.027156],[14.360594,42.027144],[14.36063,42.027133],[14.360508,42.026989],[14.360407,42.026872],[14.360229,42.026672],[14.360263,42.026659],[14.360293,42.026643],[14.360331,42.026638],[14.360394,42.026626],[14.360499,42.02658],[14.360838,42.026891],[14.360843,42.026896],[14.36113,42.027161],[14.36118,42.027129],[14.361429,42.027334],[14.361518,42.027241],[14.361755,42.027366],[14.361686,42.027425],[14.361589,42.027532],[14.361503,42.027663],[14.361317,42.028044],[14.36126,42.02803],[14.361192,42.028012],[14.361145,42.028],[14.3611,42.027988],[14.361055,42.027968]]]]}},
{"type":"Feature","properties":{"fid":26,"gml_id":"CadastralZoning.IT.AGE.MAP.A956_0008L0","ADMINISTRATIVEUNIT":"A956","foglio":"0008","comune":"BOMBA"},"geometry":{"type":"MultiPolygon","coordinates":[[[[14.362582,42.026538],[14.362645,42.026288],[14.362691,42.026139],[14.362808,42.026164],[14.362841,42.026169],[14.362919,42.026175],[14.362985,42.026217],[14.36301,42.026233],[14.363063,42.02626],[14.363093,42.026274],[14.363415,42.026472],[14.363407,42.026519],[14.363353,42.026598],[14.363371,42.026626],[14.363331,42.026637],[14.363228,42.026634],[14.363156,42.026657],[14.362979,42.026779],[14.362743,42.02672],[14.362565,42.026687],[14.362064,42.026567],[14.362111,42.026447],[14.362352,42.026491],[14.362582,42.026538]]]]}},
{"type":"Feature","properties":{"fid":27,"gml_id":"CadastralZoning.IT.AGE.MAP.A956_0008M0","ADMINISTRATIVEUNIT":"A956","foglio":"0008","comune":"BOMBA"},"geometry":{"type":"MultiPolygon","coordinates":[[[[14.356868,42.026155],[14.356799,42.026164],[14.356683,42.02616],[14.356625,42.026093],[14.356652,42.026005],[14.356703,42.025894],[14.356797,42.025917],[14.356862,42.025928],[14.356904,42.025927],[14.356923,42.025926],[14.356974,42.025912],[14.356994,42.025886],[14.35709,42.025962],[14.357177,42.026031],[14.357188,42.026052],[14.357554,42.02624],[14.35753,42.026284],[14.357445,42.026368],[14.357362,42.026445],[14.357336,42.026487],[14.356953,42.026254],[14.356949,42.026193],[14.356933,42.026169],[14.356868,42.026155]]]]}},
{"type":"Feature","properties":{"fid":28,"gml_id":"CadastralZoning.IT.AGE.MAP.A956_0008N0","ADMINISTRATIVEUNIT":"A956","foglio":"0008","comune":"BOMBA"},"geometry":{"type":"MultiPolygon","coordinates":[[[[14.366997,42.036753],[14.366961,42.036735],[14.366876,42.036723],[14.366843,42.036865],[14.366773,42.03686],[14.36681,42.037061],[14.366817,42.037102],[14.366908,42.037102],[14.366922,42.037146],[14.366918,42.037172],[14.366918,42.037177],[14.366914,42.037185],[14.366921,42.037216],[14.366926,42.037241],[14.366929,42.03726],[14.366932,42.03728],[14.366935,42.037294],[14.366927,42.037366],[14.366938,42.037392],[14.366955,42.037433],[14.366979,42.037462],[14.366997,42.03749],[14.366998,42.037492],[14.366921,42.037592],[14.366892,42.037629],[14.366808,42.037722],[14.366759,42.037766],[14.366732,42.037806],[14.366713,42.03782],[14.366667,42.037853],[14.366657,42.037857],[14.366601,42.037881],[14.366654,42.037964],[14.366672,42.037993],[14.366677,42.038],[14.366692,42.038024],[14.366765,42.038108],[14.366818,42.038169],[14.366845,42.038201],[14.366893,42.038255],[14.366955,42.038317],[14.366957,42.038319],[14.366754,42.038686],[14.3667,42.038745],[14.366622,42.038828],[14.366643,42.038904],[14.366521,42.038981],[14.36635,42.038876],[14.366192,42.038979],[14.365873,42.039186],[14.365587,42.039353],[14.365445,42.039234],[14.365427,42.039184],[14.364884,42.039394],[14.3649,42.039399],[14.364953,42.039416],[14.364731,42.039569],[14.364646,42.039642],[14.364486,42.03975],[14.364338,42.039867],[14.364276,42.039908],[14.364234,42.03996],[14.364199,42.039959],[14.364185,42.039982],[14.364168,42.039999],[14.364135,42.040016],[14.364108,42.040007],[14.364068,42.039995],[14.364037,42.039981],[14.363986,42.039948],[14.363967,42.03989],[14.363962,42.039874],[14.363951,42.039842],[14.363856,42.039843],[14.36376,42.039842],[14.363753,42.039842],[14.363642,42.03984],[14.36364,42.039825],[14.36364,42.039783],[14.363638,42.039718],[14.363637,42.039663],[14.36366,42.039611],[14.363701,42.039537],[14.363886,42.03946],[14.363986,42.039422],[14.36407,42.039387],[14.364108,42.039366],[14.364129,42.039316],[14.364129,42.039274],[14.364125,42.039255],[14.363906,42.03924],[14.363781,42.039275],[14.363767,42.039265],[14.363703,42.039232],[14.363658,42.03921],[14.363519,42.03914],[14.363474,42.038943],[14.363471,42.038874],[14.363459,42.038739],[14.363518,42.03874],[14.363533,42.038677],[14.363543,42.038642],[14.363571,42.038593],[14.363602,42.038542],[14.363646,42.038482],[14.363679,42.038432],[14.363733,42.03835],[14.363763,42.038302],[14.363815,42.038198],[14.363882,42.038052],[14.363833,42.038051],[14.363754,42.037964],[14.363742,42.037941],[14.363749,42.037902],[14.363755,42.037819],[14.36375,42.037749],[14.363733,42.037707],[14.363728,42.037671],[14.363717,42.037587],[14.363705,42.037438],[14.363638,42.037344],[14.363613,42.037261],[14.363583,42.037138],[14.363608,42.037004],[14.363602,42.036956],[14.363663,42.036938],[14.363734,42.036898],[14.363766,42.036856],[14.363575,42.036792],[14.363493,42.036759],[14.363534,42.03665],[14.363517,42.036554],[14.363496,42.036435],[14.363454,42.036353],[14.363459,42.03623],[14.363482,42.036174],[14.36351,42.036119],[14.363547,42.036057],[14.363605,42.035983],[14.363724,42.035829],[14.363785,42.035789],[14.363896,42.035715],[14.363996,42.035654],[14.364041,42.035614],[14.36407,42.035597],[14.364166,42.035593],[14.364326,42.035538],[14.36435,42.035547],[14.364376,42.035517],[14.364269,42.035453],[14.364138,42.035421],[14.364077,42.035391],[14.364002,42.035373],[14.363999,42.035285],[14.363981,42.035242],[14.364,42.035211],[14.364046,42.035131],[14.364051,42.035104],[14.364071,42.035033],[14.364094,42.034943],[14.364135,42.034815],[14.364099,42.034794],[14.364094,42.034746],[14.364103,42.034673],[14.364247,42.034494],[14.364258,42.034477],[14.364273,42.034452],[14.364386,42.034426],[14.364452,42.034361],[14.364493,42.034351],[14.364571,42.034348],[14.364624,42.03435],[14.364674,42.034331],[14.364727,42.034319],[14.364778,42.034313],[14.364899,42.034302],[14.364977,42.03432],[14.365055,42.034311],[14.365071,42.034281],[14.365068,42.034262],[14.365013,42.034164],[14.365018,42.034142],[14.365042,42.034099],[14.365038,42.034078],[14.365024,42.03401],[14.365011,42.033977],[14.364981,42.033907],[14.364956,42.033845],[14.364933,42.033777],[14.364967,42.03373],[14.365,42.033701],[14.365049,42.033657],[14.365074,42.033568],[14.365116,42.033447],[14.36516,42.033372],[14.365162,42.033329],[14.365169,42.033245],[14.365163,42.033188],[14.365151,42.033115],[14.365127,42.033037],[14.365009,42.033107],[14.364924,42.03316],[14.364863,42.033194],[14.364772,42.03326],[14.364768,42.033239],[14.364764,42.033218],[14.364758,42.033193],[14.364762,42.033153],[14.364768,42.033051],[14.364772,42.032968],[14.364778,42.032921],[14.364778,42.032856],[14.3647,42.032844],[14.364575,42.032805],[14.364495,42.032795],[14.36438,42.032764],[14.364319,42.032718],[14.364304,42.032708],[14.364291,42.032698],[14.36435,42.032661],[14.364423,42.032619],[14.364467,42.032672],[14.36458,42.032686],[14.364713,42.032689],[14.36482,42.032729],[14.364906,42.032734],[14.364995,42.032742],[14.36512,42.032743],[14.365206,42.032738],[14.365284,42.03275],[14.365489,42.032767],[14.365702,42.032621],[14.36583,42.032655],[14.365808,42.032611],[14.36573,42.032577],[14.365724,42.032523],[14.36573,42.032461],[14.365767,42.032361],[14.365621,42.032406],[14.365657,42.032254],[14.36569,42.032246],[14.365709,42.032158],[14.365705,42.032064],[14.365883,42.032076],[14.365934,42.032068],[14.366055,42.032104],[14.366173,42.032075],[14.366313,42.032037],[14.366384,42.032007],[14.366438,42.031984],[14.366525,42.031917],[14.366613,42.031859],[14.366666,42.031824],[14.366679,42.031816],[14.366691,42.031806],[14.36675,42.031832],[14.366782,42.031844],[14.366831,42.03186],[14.366958,42.031893],[14.367078,42.031886],[14.367114,42.031888],[14.367162,42.031886],[14.367165,42.031901],[14.367178,42.031901],[14.367255,42.031902],[14.367257,42.031954],[14.367264,42.032023],[14.367269,42.032098],[14.367275,42.032159],[14.367258,42.03223],[14.367241,42.032294],[14.367278,42.032291],[14.367431,42.03228],[14.367475,42.032286],[14.367489,42.032354],[14.367513,42.032366],[14.367517,42.032375],[14.367537,42.03239],[14.367537,42.032391],[14.36747,42.03241],[14.367458,42.032413],[14.367451,42.032415],[14.367446,42.032416],[14.367431,42.03242],[14.36738,42.032433],[14.367371,42.032555],[14.367366,42.032647],[14.367366,42.032689],[14.367432,42.03269],[14.367441,42.03269],[14.367467,42.032691],[14.367509,42.032692],[14.367593,42.032693],[14.367575,42.03278],[14.367794,42.032787],[14.367805,42.032787],[14.367822,42.03279],[14.368009,42.032819],[14.36799,42.032934],[14.36799,42.032938],[14.367907,42.03292],[14.367747,42.03291],[14.367734,42.032909],[14.367726,42.032909],[14.367717,42.032908],[14.367696,42.03291],[14.367678,42.032912],[14.367627,42.032918],[14.367544,42.032927],[14.367425,42.0329],[14.367387,42.032908],[14.367308,42.033028],[14.367202,42.033013],[14.36704,42.032989],[14.367043,42.033008],[14.367045,42.033016],[14.367046,42.033039],[14.367047,42.033057],[14.367047,42.03308],[14.367043,42.033108],[14.367032,42.033173],[14.367021,42.033214],[14.367014,42.03324],[14.367002,42.033283],[14.366985,42.033303],[14.366979,42.033311],[14.366914,42.033409],[14.366986,42.033433],[14.366996,42.033437],[14.367017,42.033443],[14.367047,42.033451],[14.367084,42.033462],[14.367096,42.033466],[14.367213,42.033506],[14.367226,42.03351],[14.367243,42.033516],[14.367241,42.033528],[14.367239,42.033539],[14.367238,42.033545],[14.367168,42.033587],[14.367158,42.033594],[14.367151,42.033597],[14.367114,42.033631],[14.367111,42.033636],[14.367093,42.033659],[14.367115,42.033704],[14.367152,42.033727],[14.367153,42.033738],[14.367154,42.033741],[14.367154,42.033746],[14.367247,42.033787],[14.367259,42.033766],[14.367263,42.033758],[14.367273,42.033761],[14.36728,42.033763],[14.367294,42.033768],[14.367306,42.033757],[14.36736,42.033745],[14.36742,42.033773],[14.367519,42.033808],[14.367596,42.033835],[14.367584,42.033849],[14.367526,42.033916],[14.367489,42.033959],[14.367487,42.033961],[14.367459,42.033992],[14.367414,42.033973],[14.367348,42.033946],[14.367244,42.033905],[14.367178,42.033887],[14.367111,42.03387],[14.367034,42.033853],[14.367031,42.033852],[14.366999,42.033845],[14.366958,42.033918],[14.366952,42.033929],[14.366944,42.033926],[14.366937,42.033924],[14.366929,42.033936],[14.366899,42.03398],[14.366845,42.033959],[14.366758,42.033926],[14.366723,42.033982],[14.36671,42.034001],[14.366705,42.03401],[14.366701,42.034015],[14.366698,42.034022],[14.366706,42.034025],[14.366698,42.034041],[14.36669,42.034037],[14.366675,42.034061],[14.366662,42.03408],[14.36666,42.034084],[14.366652,42.034097],[14.366628,42.034133],[14.366622,42.034143],[14.366597,42.034181],[14.366577,42.034212],[14.366568,42.034226],[14.366667,42.034242],[14.366673,42.034243],[14.366651,42.034306],[14.366639,42.034306],[14.366641,42.034314],[14.366646,42.03435],[14.366734,42.034351],[14.36674,42.034422],[14.366721,42.034425],[14.36672,42.034432],[14.366719,42.034443],[14.366714,42.034482],[14.366764,42.034484],[14.366767,42.034525],[14.366646,42.034527],[14.366624,42.034601],[14.366613,42.034642],[14.366612,42.034674],[14.366611,42.034699],[14.366629,42.034763],[14.366647,42.034825],[14.366636,42.034893],[14.366608,42.034984],[14.366595,42.035029],[14.366575,42.0351],[14.366528,42.035271],[14.366536,42.035313],[14.366515,42.035311],[14.366493,42.035309],[14.366465,42.035345],[14.366525,42.035385],[14.366595,42.035452],[14.366663,42.03541],[14.366745,42.035368],[14.366838,42.035331],[14.366976,42.035277],[14.367084,42.035258],[14.367166,42.035243],[14.367234,42.035251],[14.367286,42.035257],[14.367298,42.035261],[14.367474,42.035329],[14.367435,42.035521],[14.36742,42.035561],[14.367473,42.035579],[14.367515,42.035593],[14.36754,42.035594],[14.367658,42.035599],[14.367715,42.035601],[14.367772,42.035646],[14.367858,42.035713],[14.367903,42.035738],[14.367857,42.035821],[14.367845,42.035843],[14.367758,42.035823],[14.367704,42.035912],[14.367897,42.035956],[14.367953,42.035969],[14.367871,42.036102],[14.367799,42.036221],[14.367781,42.03625],[14.367755,42.036278],[14.367705,42.036352],[14.367799,42.036397],[14.367891,42.036453],[14.367887,42.036456],[14.367728,42.036555],[14.367686,42.036581],[14.36761,42.036629],[14.367583,42.036616],[14.367565,42.036569],[14.367563,42.036553],[14.367524,42.036537],[14.367412,42.036476],[14.367391,42.036497],[14.367332,42.036553],[14.367329,42.036558],[14.367303,42.036593],[14.367261,42.036648],[14.367171,42.036795],[14.367166,42.036807],[14.367164,42.036813],[14.367142,42.036802],[14.367118,42.036798],[14.367066,42.036788],[14.366997,42.036753]]]]}},
{"type":"Feature","properties":{"fid":29,"gml_id":"CadastralZoning.IT.AGE.MAP.A956_0008O0","ADMINISTRATIVEUNIT":"A956","foglio":"0008","comune":"BOMBA"},"geometry":{"type":"MultiPolygon","coordinates":[[[[14.367468,42.031137],[14.367507,42.031136],[14.367522,42.031136],[14.367584,42.031133],[14.367579,42.031205],[14.367608,42.031206],[14.367603,42.031286],[14.36789,42.031292],[14.36788,42.031406],[14.367662,42.031402],[14.36747,42.031388],[14.367456,42.031422],[14.367453,42.031433],[14.367446,42.031457],[14.367445,42.031477],[14.367529,42.031486],[14.367509,42.03158],[14.367501,42.031605],[14.367489,42.031648],[14.367474,42.0317],[14.367395,42.031689],[14.367388,42.031687],[14.367351,42.03168],[14.367304,42.031734],[14.367283,42.031794],[14.367288,42.031837],[14.367275,42.031859],[14.367253,42.03186],[14.367255,42.031902],[14.367165,42.031901],[14.367162,42.031886],[14.367145,42.031887],[14.367164,42.031853],[14.367177,42.031701],[14.367173,42.0317],[14.367176,42.031681],[14.367024,42.031663],[14.367015,42.031656],[14.366977,42.031655],[14.366986,42.031578],[14.366773,42.031559],[14.366745,42.031559],[14.366733,42.031514],[14.366644,42.031349],[14.36664,42.031282],[14.366647,42.031212],[14.36666,42.031139],[14.366604,42.031069],[14.366648,42.030907],[14.366608,42.030852],[14.366591,42.030731],[14.366541,42.030613],[14.366595,42.030475],[14.366727,42.030354],[14.366772,42.030301],[14.366856,42.03018],[14.366904,42.030123],[14.366945,42.030077],[14.366982,42.030009],[14.366994,42.029953],[14.367064,42.02987],[14.367193,42.0298],[14.367195,42.029771],[14.367243,42.029779],[14.367339,42.029801],[14.367284,42.029883],[14.367332,42.029917],[14.367432,42.03001],[14.367359,42.030087],[14.36733,42.030118],[14.367318,42.030138],[14.367445,42.030158],[14.367602,42.03021],[14.367548,42.03028],[14.367578,42.030295],[14.367546,42.030375],[14.367515,42.030359],[14.367494,42.030403],[14.36753,42.030425],[14.367666,42.030451],[14.367629,42.030491],[14.367577,42.030548],[14.367556,42.030597],[14.36754,42.030636],[14.367525,42.030675],[14.367505,42.030727],[14.36748,42.030832],[14.367479,42.030896],[14.367465,42.030899],[14.367468,42.031002],[14.367468,42.031137]]]]}},
{"type":"Feature","properties":{"fid":30,"gml_id":"CadastralZoning.IT.AGE.MAP.A956_000900","ADMINISTRATIVEUNIT":"A956","foglio":"0009","comune":"BOMBA"},"geometry":{"type":"MultiPolygon","coordinates":[[[[14.36742,42.035561],[14.367435,42.035521],[14.36744,42.035499],[14.367463,42.035383],[14.367474,42.035329],[14.367474,42.035329],[14.367471,42.035328],[14.367298,42.035261],[14.367286,42.035257],[14.367234,42.035251],[14.367166,42.035243],[14.367084,42.035258],[14.366976,42.035277],[14.366838,42.035331],[14.366745,42.035368],[14.366663,42.03541],[14.36662,42.035436],[14.366604,42.035446],[14.366598,42.03545],[14.366595,42.035452],[14.366525,42.035385],[14.366465,42.035345],[14.366482,42.035323],[14.366493,42.035309],[14.366515,42.035311],[14.366536,42.035313],[14.366528,42.035271],[14.366575,42.0351],[14.366595,42.035029],[14.366608,42.034984],[14.366636,42.034893],[14.366647,42.034825],[14.366629,42.034763],[14.366611,42.034699],[14.366612,42.034674],[14.366613,42.034642],[14.366624,42.034601],[14.366646,42.034527],[14.366767,42.034525],[14.366764,42.034484],[14.366714,42.034482],[14.366719,42.034443],[14.36672,42.034432],[14.366721,42.034425],[14.366728,42.034424],[14.36674,42.034422],[14.366734,42.034351],[14.366646,42.03435],[14.366643,42.034328],[14.366641,42.034314],[14.366639,42.034306],[14.366651,42.034306],[14.366664,42.034268],[14.366673,42.034243],[14.366667,42.034242],[14.366568,42.034226],[14.366577,42.034212],[14.366622,42.034143],[14.366628,42.034133],[14.366652,42.034097],[14.36666,42.034084],[14.366662,42.03408],[14.366675,42.034061],[14.36669,42.034037],[14.366698,42.034041],[14.366703,42.034031],[14.366706,42.034025],[14.366698,42.034022],[14.366705,42.03401],[14.36671,42.034001],[14.366723,42.033982],[14.366758,42.033926],[14.366845,42.033959],[14.366899,42.03398],[14.366929,42.033936],[14.366937,42.033924],[14.366944,42.033926],[14.366952,42.033929],[14.366958,42.033918],[14.366999,42.033845],[14.367031,42.033852],[14.367034,42.033853],[14.367111,42.03387],[14.367178,42.033887],[14.367244,42.033905],[14.367348,42.033946],[14.367414,42.033973],[14.367459,42.033992],[14.367487,42.033961],[14.367489,42.033959],[14.367526,42.033916],[14.367584,42.033849],[14.367596,42.033835],[14.367519,42.033808],[14.36742,42.033773],[14.36736,42.033745],[14.367306,42.033757],[14.367294,42.033768],[14.36728,42.033763],[14.367263,42.033758],[14.367247,42.033787],[14.367247,42.033787],[14.3672,42.033767],[14.367154,42.033746],[14.367154,42.033741],[14.367153,42.033738],[14.367152,42.033727],[14.367115,42.033704],[14.367093,42.033659],[14.367111,42.033636],[14.367114,42.033631],[14.367151,42.033597],[14.367158,42.033594],[14.367163,42.03359],[14.367168,42.033587],[14.367238,42.033545],[14.367239,42.033539],[14.367241,42.033528],[14.367243,42.033516],[14.367226,42.03351],[14.367213,42.033506],[14.367109,42.03347],[14.367096,42.033466],[14.367084,42.033462],[14.367047,42.033451],[14.367017,42.033443],[14.366996,42.033437],[14.366986,42.033433],[14.366914,42.033409],[14.366979,42.033311],[14.366985,42.033303],[14.367002,42.033283],[14.367014,42.03324],[14.367021,42.033214],[14.367032,42.033173],[14.367043,42.033108],[14.367046,42.033087],[14.367047,42.03308],[14.367047,42.033057],[14.367046,42.033039],[14.367045,42.033016],[14.367043,42.033008],[14.36704,42.032989],[14.367074,42.032994],[14.367202,42.033013],[14.367308,42.033028],[14.367387,42.032908],[14.367425,42.0329],[14.367544,42.032927],[14.367627,42.032918],[14.367631,42.032917],[14.367678,42.032912],[14.367696,42.03291],[14.367717,42.032908],[14.367726,42.032909],[14.367734,42.032909],[14.367747,42.03291],[14.367793,42.032913],[14.367907,42.03292],[14.36797,42.032934],[14.36799,42.032938],[14.36799,42.032934],[14.367997,42.032892],[14.367998,42.032887],[14.368009,42.032819],[14.367822,42.03279],[14.367805,42.032787],[14.367794,42.032787],[14.367575,42.03278],[14.367593,42.032693],[14.367509,42.032692],[14.367467,42.032691],[14.367441,42.03269],[14.367405,42.032689],[14.367366,42.032689],[14.367366,42.032647],[14.367371,42.032555],[14.36738,42.032444],[14.36738,42.032433],[14.367431,42.03242],[14.367446,42.032416],[14.367451,42.032415],[14.367458,42.032413],[14.36747,42.03241],[14.367535,42.032389],[14.367537,42.03239],[14.367598,42.032368],[14.36772,42.032275],[14.367805,42.032245],[14.367836,42.032234],[14.367855,42.032223],[14.367886,42.032195],[14.367936,42.032146],[14.367971,42.032123],[14.367995,42.032108],[14.368022,42.032078],[14.368025,42.032074],[14.368039,42.032043],[14.368038,42.03204],[14.368035,42.032038],[14.368016,42.032023],[14.368084,42.031941],[14.368182,42.031874],[14.368238,42.031863],[14.368257,42.03186],[14.368352,42.031839],[14.368419,42.031842],[14.368469,42.031869],[14.368514,42.031907],[14.368549,42.031938],[14.368547,42.031942],[14.368604,42.031957],[14.36864,42.031966],[14.368821,42.032022],[14.368874,42.032067],[14.368967,42.032131],[14.369013,42.03216],[14.369159,42.032253],[14.36921,42.03234],[14.369226,42.032372],[14.369318,42.032448],[14.369389,42.032474],[14.369479,42.032477],[14.369558,42.032483],[14.369629,42.032506],[14.369701,42.032488],[14.369788,42.032464],[14.369833,42.032449],[14.369885,42.03245],[14.369935,42.032451],[14.369978,42.032446],[14.370016,42.032437],[14.370047,42.032433],[14.370098,42.03242],[14.370164,42.032408],[14.370273,42.032407],[14.370338,42.032429],[14.370376,42.032443],[14.37039,42.032445],[14.370448,42.032453],[14.370489,42.032447],[14.37053,42.032438],[14.370608,42.03245],[14.370703,42.032462],[14.370774,42.032471],[14.370829,42.032467],[14.370907,42.032461],[14.37095,42.032444],[14.371019,42.032417],[14.371034,42.03241],[14.371136,42.032322],[14.371268,42.032199],[14.371294,42.032173],[14.371313,42.032151],[14.371324,42.032134],[14.371374,42.032101],[14.371437,42.032067],[14.371469,42.032036],[14.37155,42.031954],[14.371576,42.031844],[14.371597,42.031769],[14.371604,42.031738],[14.37165,42.031702],[14.371717,42.031631],[14.371807,42.031593],[14.371893,42.031558],[14.371973,42.031565],[14.372043,42.031598],[14.372117,42.031614],[14.372211,42.031673],[14.372251,42.031689],[14.372306,42.031701],[14.372346,42.0317],[14.372406,42.0317],[14.372431,42.031696],[14.372508,42.031685],[14.3726,42.031685],[14.37267,42.031651],[14.372727,42.03162],[14.372959,42.031977],[14.373037,42.032109],[14.373072,42.032166],[14.373114,42.032238],[14.372981,42.032253],[14.373021,42.03237],[14.373043,42.032503],[14.373041,42.032596],[14.373045,42.032625],[14.373093,42.032806],[14.373118,42.03296],[14.373131,42.033062],[14.373145,42.033129],[14.373187,42.033159],[14.373228,42.033146],[14.373271,42.03313],[14.373278,42.033122],[14.373322,42.033075],[14.373369,42.033021],[14.373441,42.032997],[14.373484,42.032969],[14.373504,42.032966],[14.373678,42.032943],[14.373752,42.032947],[14.373835,42.032953],[14.373885,42.032936],[14.373936,42.032921],[14.373951,42.032913],[14.373992,42.032886],[14.374081,42.032816],[14.374171,42.032753],[14.374213,42.032721],[14.374235,42.0327],[14.3743,42.032568],[14.374361,42.032443],[14.374378,42.032405],[14.374453,42.032309],[14.37448,42.032263],[14.374509,42.032207],[14.374544,42.032144],[14.374602,42.032052],[14.374559,42.031943],[14.374556,42.031902],[14.374556,42.031869],[14.374548,42.031774],[14.374524,42.031718],[14.374493,42.031634],[14.37447,42.031581],[14.374483,42.031465],[14.374418,42.031383],[14.374411,42.031339],[14.374397,42.031282],[14.374384,42.031245],[14.375386,42.031313],[14.375196,42.031415],[14.375218,42.03145],[14.375276,42.03153],[14.375306,42.031567],[14.375326,42.031589],[14.375459,42.031547],[14.375623,42.0315],[14.375947,42.031335],[14.376055,42.031276],[14.376198,42.031201],[14.376355,42.031121],[14.376554,42.031021],[14.376645,42.030969],[14.376719,42.030928],[14.376831,42.030886],[14.376934,42.030869],[14.376982,42.030859],[14.377007,42.030895],[14.377054,42.030926],[14.377102,42.030952],[14.377156,42.030952],[14.377258,42.030993],[14.377358,42.03103],[14.377516,42.031088],[14.377622,42.03113],[14.377669,42.031149],[14.377737,42.031259],[14.377744,42.031322],[14.377756,42.031373],[14.377761,42.031395],[14.377774,42.031437],[14.377783,42.031466],[14.377797,42.03151],[14.377853,42.031693],[14.377883,42.031792],[14.378099,42.031858],[14.378276,42.031918],[14.378399,42.031956],[14.37858,42.03201],[14.37864,42.032041],[14.378791,42.032118],[14.378829,42.032138],[14.378889,42.032169],[14.378951,42.032153],[14.379016,42.032136],[14.379027,42.032137],[14.379189,42.032153],[14.37939,42.032193],[14.379463,42.032207],[14.379499,42.032286],[14.379439,42.032374],[14.379422,42.032424],[14.379414,42.032447],[14.379452,42.032538],[14.379467,42.032589],[14.379488,42.032658],[14.379528,42.032702],[14.37954,42.032716],[14.379547,42.032723],[14.379584,42.032767],[14.379622,42.032813],[14.379646,42.032865],[14.379777,42.032916],[14.379906,42.032966],[14.38012,42.033048],[14.38027,42.033106],[14.380295,42.03314],[14.38028,42.03326],[14.380413,42.033293],[14.380595,42.033338],[14.380664,42.033355],[14.380649,42.033377],[14.380532,42.033527],[14.38049,42.033622],[14.38039,42.033813],[14.380348,42.033909],[14.380302,42.034012],[14.380257,42.034112],[14.380174,42.034298],[14.380159,42.034304],[14.380041,42.03435],[14.379994,42.03437],[14.379913,42.034478],[14.379901,42.034508],[14.379887,42.034542],[14.379886,42.03455],[14.379884,42.034622],[14.379883,42.034642],[14.379901,42.034689],[14.379905,42.034698],[14.379913,42.034721],[14.3799,42.034809],[14.379924,42.034852],[14.379931,42.034864],[14.379951,42.034901],[14.380072,42.035013],[14.380068,42.035031],[14.380061,42.035062],[14.380048,42.035097],[14.379995,42.035177],[14.379959,42.035233],[14.379945,42.035239],[14.379945,42.035427],[14.380058,42.035557],[14.380077,42.035591],[14.380016,42.035614],[14.380039,42.035663],[14.380046,42.03572],[14.380068,42.035898],[14.380081,42.036008],[14.380039,42.036036],[14.379991,42.036165],[14.379981,42.036204],[14.37996,42.036314],[14.379949,42.036398],[14.379974,42.036521],[14.37995,42.036578],[14.379924,42.036638],[14.379921,42.036646],[14.379917,42.03666],[14.379917,42.03672],[14.379917,42.036777],[14.379913,42.03684],[14.379908,42.036919],[14.379894,42.036967],[14.379891,42.036973],[14.379885,42.036985],[14.379842,42.037075],[14.379771,42.03717],[14.379684,42.037164],[14.37953,42.037154],[14.379506,42.037196],[14.379505,42.037349],[14.379758,42.037411],[14.379689,42.037582],[14.379621,42.03764],[14.379625,42.037709],[14.379626,42.037715],[14.379615,42.037743],[14.379594,42.037801],[14.37959,42.037809],[14.379565,42.037891],[14.379524,42.037952],[14.379579,42.038081],[14.379614,42.038148],[14.379637,42.038189],[14.379682,42.038328],[14.379749,42.038413],[14.379895,42.038581],[14.379815,42.038775],[14.379778,42.038818],[14.379714,42.038898],[14.379688,42.038931],[14.379652,42.039029],[14.379651,42.039052],[14.37965,42.039082],[14.379611,42.039333],[14.379697,42.039341],[14.379814,42.039351],[14.379935,42.039361],[14.379965,42.039364],[14.3799,42.03941],[14.379874,42.039415],[14.379857,42.039417],[14.379851,42.039426],[14.379838,42.039449],[14.379794,42.039523],[14.379787,42.039534],[14.37974,42.039701],[14.379735,42.039718],[14.37973,42.03973],[14.379717,42.039759],[14.379616,42.039968],[14.379585,42.040008],[14.379579,42.040017],[14.379552,42.040051],[14.379506,42.040112],[14.379463,42.040192],[14.379369,42.040334],[14.379291,42.040467],[14.379249,42.040537],[14.379192,42.040634],[14.379194,42.04064],[14.379227,42.040724],[14.379242,42.040746],[14.379251,42.04076],[14.379262,42.040777],[14.379346,42.040852],[14.379373,42.040887],[14.37939,42.040909],[14.379393,42.040913],[14.379419,42.040949],[14.379474,42.04105],[14.379477,42.041055],[14.379491,42.04108],[14.379511,42.041148],[14.379532,42.041316],[14.379541,42.041389],[14.379546,42.041463],[14.379598,42.041642],[14.379614,42.041696],[14.37962,42.041718],[14.379642,42.041773],[14.379724,42.041981],[14.379826,42.042128],[14.379832,42.042138],[14.379917,42.04226],[14.379962,42.042325],[14.379975,42.042379],[14.380079,42.042452],[14.380189,42.042529],[14.380279,42.042593],[14.380299,42.042625],[14.380304,42.042633],[14.380402,42.042788],[14.38041,42.0428],[14.380427,42.042825],[14.380463,42.042894],[14.380497,42.043001],[14.380509,42.04304],[14.380525,42.043071],[14.380541,42.0431],[14.380548,42.043114],[14.380564,42.043142],[14.380537,42.043152],[14.380534,42.043155],[14.380443,42.04322],[14.380361,42.043294],[14.38034,42.043313],[14.380328,42.043326],[14.380261,42.043391],[14.380164,42.043456],[14.380045,42.043536],[14.379958,42.043594],[14.379706,42.043763],[14.379665,42.043785],[14.379581,42.043789],[14.379605,42.043902],[14.379693,42.043983],[14.379753,42.043998],[14.37985,42.044124],[14.379918,42.044139],[14.379748,42.044259],[14.379616,42.044283],[14.379517,42.044302],[14.379551,42.044457],[14.379596,42.044574],[14.379599,42.04458],[14.379648,42.044748],[14.379696,42.044916],[14.379668,42.045017],[14.379614,42.045208],[14.379598,42.045342],[14.379597,42.045355],[14.379623,42.045583],[14.379649,42.045683],[14.379667,42.045751],[14.37959,42.04586],[14.379562,42.045904],[14.379552,42.045929],[14.379545,42.04595],[14.379544,42.045953],[14.379547,42.045994],[14.379552,42.046047],[14.379486,42.046159],[14.379527,42.046323],[14.379549,42.046395],[14.379513,42.046402],[14.379438,42.046497],[14.379373,42.046561],[14.379336,42.046596],[14.379193,42.046721],[14.379082,42.046797],[14.379054,42.046816],[14.379021,42.046838],[14.379015,42.046843],[14.378974,42.04687],[14.378968,42.046876],[14.378947,42.046898],[14.378919,42.046926],[14.378881,42.046963],[14.378863,42.046982],[14.378844,42.047001],[14.378779,42.047066],[14.378669,42.047112],[14.378578,42.04715],[14.378566,42.047162],[14.378548,42.047182],[14.378447,42.047222],[14.378394,42.047243],[14.378366,42.047268],[14.378272,42.047351],[14.378172,42.04744],[14.378096,42.047445],[14.377921,42.047456],[14.377865,42.047459],[14.37776,42.047449],[14.37732,42.047403],[14.377097,42.047379],[14.376914,42.04736],[14.376905,42.047359],[14.376823,42.047328],[14.376704,42.047281],[14.376635,42.047252],[14.376625,42.047248],[14.376529,42.047223],[14.37641,42.047191],[14.376302,42.047162],[14.376262,42.047151],[14.376102,42.047109],[14.376041,42.047156],[14.376025,42.047148],[14.375948,42.04711],[14.375896,42.047065],[14.37588,42.047051],[14.37588,42.04702],[14.375885,42.046897],[14.375869,42.046828],[14.375864,42.046802],[14.375853,42.046751],[14.375849,42.04672],[14.375846,42.046683],[14.375839,42.046623],[14.375868,42.04642],[14.375869,42.046405],[14.375876,42.046293],[14.375876,42.046275],[14.375877,42.04625],[14.375879,42.046154],[14.375879,42.046139],[14.375881,42.046003],[14.375877,42.045915],[14.375898,42.045695],[14.375901,42.045668],[14.375933,42.045577],[14.375933,42.045566],[14.375929,42.045467],[14.375935,42.045466],[14.375935,42.045429],[14.375924,42.045093],[14.375919,42.044947],[14.375919,42.044944],[14.375936,42.044904],[14.37597,42.044831],[14.376083,42.044601],[14.376072,42.044509],[14.375995,42.044376],[14.375993,42.044376],[14.375809,42.044268],[14.375725,42.044225],[14.375677,42.044146],[14.375675,42.044142],[14.375606,42.044018],[14.375525,42.043868],[14.375462,42.043769],[14.375376,42.043647],[14.375321,42.043569],[14.375353,42.043533],[14.375353,42.043531],[14.375352,42.043524],[14.37532,42.043338],[14.375322,42.043309],[14.375331,42.043227],[14.375321,42.043067],[14.375319,42.043022],[14.37527,42.042945],[14.375186,42.042892],[14.375139,42.042866],[14.375132,42.042862],[14.374939,42.042755],[14.374803,42.04271],[14.374508,42.042646],[14.374453,42.042634],[14.37436,42.042598],[14.37427,42.04256],[14.374194,42.042528],[14.37419,42.042525],[14.374187,42.042522],[14.374025,42.042407],[14.373816,42.042258],[14.373702,42.042124],[14.37364,42.042043],[14.373634,42.042001],[14.373621,42.041921],[14.373616,42.041873],[14.373616,42.041868],[14.373485,42.041772],[14.373335,42.041661],[14.373272,42.041557],[14.373255,42.04153],[14.37324,42.041491],[14.373236,42.04148],[14.373213,42.041405],[14.373211,42.041403],[14.37315,42.041311],[14.373108,42.0412],[14.373102,42.041174],[14.373095,42.041168],[14.373088,42.041162],[14.373041,42.041122],[14.372916,42.041063],[14.372764,42.041021],[14.372745,42.041009],[14.372661,42.04092],[14.372647,42.040913],[14.372486,42.040826],[14.372407,42.040778],[14.372287,42.0407],[14.372241,42.04067],[14.372018,42.040318],[14.371989,42.040269],[14.371986,42.040268],[14.371984,42.040266],[14.371768,42.040228],[14.371545,42.040189],[14.371442,42.040176],[14.371438,42.040176],[14.37143,42.040175],[14.371427,42.040175],[14.371394,42.040171],[14.371352,42.040165],[14.371297,42.040159],[14.371257,42.04015],[14.371003,42.040062],[14.370974,42.04005],[14.370972,42.040049],[14.370938,42.040028],[14.37084,42.039969],[14.370795,42.039952],[14.370722,42.039925],[14.370594,42.039879],[14.370531,42.039853],[14.370315,42.039756],[14.370254,42.039745],[14.370005,42.039702],[14.370008,42.039691],[14.370016,42.039681],[14.370012,42.03968],[14.369983,42.039668],[14.369852,42.039616],[14.369758,42.039579],[14.369712,42.039562],[14.369568,42.039509],[14.369517,42.039492],[14.369346,42.039435],[14.369333,42.039431],[14.369097,42.039361],[14.369062,42.03935],[14.369005,42.039323],[14.368943,42.039286],[14.368909,42.039254],[14.368904,42.039248],[14.368898,42.039244],[14.368799,42.039178],[14.368774,42.039175],[14.368729,42.03917],[14.368677,42.03908],[14.368661,42.039052],[14.368592,42.038932],[14.368551,42.038857],[14.36854,42.038844],[14.368518,42.03882],[14.368493,42.038795],[14.368381,42.038732],[14.368321,42.038696],[14.368124,42.038627],[14.368065,42.038605],[14.368028,42.03859],[14.367768,42.038563],[14.367704,42.038561],[14.367468,42.038551],[14.367178,42.038454],[14.36716,42.038448],[14.367115,42.03844],[14.367083,42.038432],[14.36704,42.038392],[14.366956,42.038321],[14.366957,42.038319],[14.366955,42.038317],[14.366893,42.038255],[14.366861,42.038219],[14.366845,42.038201],[14.366818,42.038169],[14.366765,42.038108],[14.366692,42.038024],[14.366677,42.038],[14.366672,42.037993],[14.366654,42.037964],[14.366601,42.037881],[14.366657,42.037857],[14.366663,42.037855],[14.366667,42.037853],[14.366713,42.03782],[14.366732,42.037806],[14.366759,42.037766],[14.366785,42.037743],[14.366808,42.037722],[14.366863,42.037662],[14.366892,42.037629],[14.366921,42.037592],[14.366998,42.037492],[14.366997,42.03749],[14.366979,42.037462],[14.366955,42.037433],[14.366938,42.037392],[14.366927,42.037366],[14.366935,42.037294],[14.366932,42.03728],[14.36693,42.037268],[14.366929,42.03726],[14.366926,42.037241],[14.366921,42.037216],[14.366914,42.037185],[14.366918,42.037177],[14.366918,42.037172],[14.366922,42.037146],[14.366908,42.037102],[14.366864,42.037102],[14.366817,42.037102],[14.366815,42.037085],[14.36681,42.037061],[14.366773,42.03686],[14.366843,42.036865],[14.366876,42.036723],[14.366961,42.036735],[14.366997,42.036753],[14.367066,42.036788],[14.367118,42.036798],[14.367142,42.036802],[14.367164,42.036813],[14.367166,42.036807],[14.367171,42.036795],[14.367231,42.036698],[14.367261,42.036648],[14.367303,42.036593],[14.367329,42.036558],[14.367332,42.036553],[14.367391,42.036497],[14.36741,42.036478],[14.367412,42.036476],[14.367524,42.036537],[14.367548,42.036547],[14.367563,42.036553],[14.367565,42.036569],[14.367581,42.036612],[14.367583,42.036616],[14.36761,42.036629],[14.367686,42.036581],[14.36772,42.03656],[14.367728,42.036555],[14.367882,42.036458],[14.367887,42.036456],[14.367891,42.036453],[14.367886,42.03645],[14.367799,42.036397],[14.367705,42.036352],[14.367755,42.036278],[14.367781,42.03625],[14.367799,42.036221],[14.367865,42.036113],[14.367871,42.036102],[14.36792,42.036022],[14.367949,42.035975],[14.367953,42.035969],[14.367897,42.035956],[14.367704,42.035912],[14.367747,42.035841],[14.367758,42.035823],[14.367845,42.035843],[14.367857,42.035821],[14.367901,42.035741],[14.367903,42.035738],[14.367858,42.035713],[14.367772,42.035646],[14.367715,42.035601],[14.36754,42.035594],[14.367515,42.035593],[14.367473,42.035579],[14.367439,42.035567],[14.36742,42.035561]]]]}},
{"type":"Feature","properties":{"fid":31,"gml_id":"CadastralZoning.IT.AGE.MAP.A956_001000","ADMINISTRATIVEUNIT":"A956","foglio":"0010","comune":"BOMBA"},"geometry":{"type":"MultiPolygon","coordinates":[[[[14.390703,42.039987],[14.391204,42.040445],[14.391334,42.040587],[14.391599,42.040929],[14.391748,42.041014],[14.391866,42.041101],[14.391888,42.041117],[14.391896,42.041124],[14.392125,42.041484],[14.392285,42.04166],[14.392383,42.041795],[14.392515,42.041912],[14.392657,42.042042],[14.392759,42.042177],[14.392888,42.042348],[14.392966,42.042429],[14.393056,42.042526],[14.393203,42.042694],[14.393271,42.04274],[14.393334,42.042859],[14.393447,42.043042],[14.39336,42.043097],[14.393247,42.043143],[14.393138,42.043187],[14.39302,42.043228],[14.392958,42.043277],[14.392796,42.043304],[14.392715,42.043341],[14.392713,42.043536],[14.39273,42.043735],[14.392743,42.043923],[14.39262,42.043937],[14.392552,42.043984],[14.392352,42.044013],[14.392179,42.044091],[14.391878,42.044192],[14.391785,42.044208],[14.391541,42.044338],[14.391291,42.044462],[14.391175,42.044459],[14.391249,42.044774],[14.391291,42.044858],[14.391308,42.044893],[14.391404,42.045203],[14.391457,42.045403],[14.391498,42.045562],[14.391501,42.045585],[14.391415,42.045588],[14.391042,42.045579],[14.390902,42.045609],[14.390792,42.045634],[14.390732,42.045686],[14.39071,42.045792],[14.390428,42.045868],[14.390282,42.045929],[14.39014,42.045932],[14.389863,42.04601],[14.389752,42.046006],[14.389665,42.045967],[14.38949,42.04597],[14.389205,42.046054],[14.389086,42.046105],[14.389019,42.046239],[14.38895,42.046275],[14.388868,42.04628],[14.388699,42.046339],[14.388532,42.046507],[14.38839,42.046572],[14.388395,42.046611],[14.388337,42.046703],[14.388209,42.046706],[14.388021,42.04671],[14.387923,42.046708],[14.387786,42.046703],[14.387515,42.046684],[14.387334,42.046692],[14.386794,42.046582],[14.386698,42.046553],[14.38661,42.04651],[14.386595,42.046527],[14.386178,42.046696],[14.385756,42.046753],[14.385549,42.046762],[14.38542,42.046731],[14.384951,42.046765],[14.38437,42.04676],[14.384249,42.046759],[14.383863,42.046707],[14.383589,42.04667],[14.383559,42.046655],[14.383493,42.046622],[14.383405,42.046597],[14.383263,42.046556],[14.383197,42.046538],[14.381797,42.04645],[14.381668,42.046357],[14.381507,42.046323],[14.381304,42.046293],[14.381203,42.046318],[14.380903,42.046289],[14.380863,42.046285],[14.380702,42.046302],[14.380659,42.046298],[14.380485,42.046279],[14.380098,42.046264],[14.379999,42.046285],[14.379792,42.046316],[14.379549,42.046395],[14.379527,42.046323],[14.37951,42.046257],[14.379486,42.046159],[14.379552,42.046047],[14.379547,42.045994],[14.379544,42.045953],[14.379562,42.045904],[14.37959,42.04586],[14.379667,42.045751],[14.379649,42.045683],[14.379623,42.045583],[14.379597,42.045355],[14.3796,42.045332],[14.379614,42.045208],[14.379668,42.045017],[14.379696,42.044916],[14.379648,42.044748],[14.379599,42.04458],[14.379596,42.044574],[14.379551,42.044457],[14.379517,42.044302],[14.379748,42.044259],[14.379918,42.044139],[14.37985,42.044124],[14.37977,42.04402],[14.379753,42.043999],[14.379693,42.043983],[14.379605,42.043902],[14.379581,42.043789],[14.379665,42.043785],[14.379706,42.043763],[14.380261,42.043391],[14.38034,42.043314],[14.380443,42.04322],[14.380537,42.043152],[14.380564,42.043142],[14.380525,42.043071],[14.380509,42.04304],[14.380476,42.042934],[14.380463,42.042894],[14.380427,42.042825],[14.38041,42.0428],[14.380278,42.042591],[14.379975,42.042379],[14.379962,42.042325],[14.379724,42.041981],[14.37964,42.041769],[14.37962,42.041718],[14.379546,42.041463],[14.379541,42.041388],[14.379511,42.041148],[14.379491,42.04108],[14.379419,42.040949],[14.379393,42.040913],[14.379346,42.040852],[14.379262,42.040777],[14.379227,42.040723],[14.379192,42.040634],[14.379369,42.040334],[14.379463,42.040192],[14.379506,42.040112],[14.379616,42.039968],[14.379717,42.039759],[14.379735,42.039718],[14.379787,42.039534],[14.379857,42.039417],[14.3799,42.03941],[14.379965,42.039364],[14.379935,42.039361],[14.37978,42.039348],[14.379697,42.039341],[14.379611,42.039333],[14.37965,42.039083],[14.379652,42.039029],[14.379688,42.038931],[14.379778,42.038818],[14.379807,42.038783],[14.379815,42.038775],[14.379895,42.038581],[14.379749,42.038413],[14.379682,42.038328],[14.379637,42.038189],[14.379614,42.038148],[14.379579,42.038081],[14.379524,42.037952],[14.379565,42.037891],[14.37959,42.037809],[14.379594,42.037801],[14.379615,42.037743],[14.379626,42.037715],[14.379621,42.03764],[14.379689,42.037583],[14.379748,42.037437],[14.379758,42.037411],[14.379505,42.037349],[14.379506,42.037196],[14.37953,42.037154],[14.379607,42.037159],[14.379739,42.037168],[14.379771,42.03717],[14.379842,42.037075],[14.379891,42.036973],[14.379894,42.036967],[14.379908,42.036919],[14.379913,42.03684],[14.379917,42.036777],[14.379917,42.03672],[14.379917,42.036685],[14.379917,42.03666],[14.379924,42.036638],[14.379974,42.036521],[14.379949,42.036398],[14.37996,42.036315],[14.379981,42.036204],[14.379991,42.036165],[14.380039,42.036036],[14.380081,42.036008],[14.380068,42.035898],[14.380057,42.035804],[14.38004,42.035663],[14.38003,42.035643],[14.380016,42.035614],[14.380077,42.035591],[14.380058,42.035557],[14.379945,42.035427],[14.379945,42.035239],[14.379959,42.035233],[14.379969,42.035218],[14.380049,42.035096],[14.380061,42.035062],[14.380068,42.035031],[14.380071,42.035017],[14.380072,42.035013],[14.379994,42.034941],[14.379951,42.034901],[14.3799,42.034809],[14.379913,42.034721],[14.379883,42.034642],[14.379886,42.03455],[14.379887,42.034542],[14.379913,42.034478],[14.379994,42.03437],[14.380042,42.03435],[14.380097,42.034328],[14.380122,42.034319],[14.380151,42.034308],[14.380159,42.034304],[14.380174,42.034298],[14.380178,42.034291],[14.380257,42.034112],[14.380302,42.034012],[14.380348,42.033909],[14.38039,42.033813],[14.380489,42.033622],[14.38049,42.033622],[14.380532,42.033527],[14.380618,42.033417],[14.380649,42.033377],[14.38083,42.033432],[14.38091,42.033343],[14.380933,42.033317],[14.380941,42.033281],[14.381013,42.033214],[14.381023,42.033195],[14.381054,42.033141],[14.38119,42.03299],[14.381216,42.032924],[14.381528,42.03251],[14.381544,42.032497],[14.381558,42.032484],[14.381761,42.03255],[14.382133,42.032666],[14.382181,42.032699],[14.38218,42.032725],[14.38218,42.03274],[14.382165,42.032776],[14.382168,42.032867],[14.382169,42.032909],[14.382131,42.032963],[14.38212,42.032978],[14.382081,42.033058],[14.382106,42.033098],[14.38214,42.033106],[14.382162,42.033112],[14.382212,42.033166],[14.38225,42.03327],[14.382264,42.03331],[14.38233,42.033377],[14.382419,42.033488],[14.382454,42.033532],[14.382502,42.033592],[14.382543,42.033637],[14.382613,42.033714],[14.382741,42.033805],[14.383032,42.033942],[14.38325,42.034005],[14.383509,42.034079],[14.383584,42.034058],[14.383725,42.034031],[14.383734,42.034029],[14.38386,42.034006],[14.383897,42.033999],[14.383912,42.033996],[14.38395,42.033984],[14.383995,42.03397],[14.384074,42.033945],[14.38431,42.033785],[14.384352,42.033756],[14.384517,42.033644],[14.384617,42.033595],[14.384818,42.033568],[14.384852,42.033563],[14.38514,42.033468],[14.385245,42.033433],[14.385301,42.033428],[14.385318,42.033427],[14.385468,42.033414],[14.385672,42.033346],[14.385685,42.033342],[14.38576,42.033295],[14.385892,42.033223],[14.386087,42.033158],[14.386352,42.03311],[14.386443,42.03309],[14.386561,42.03305],[14.386974,42.032959],[14.38708,42.032964],[14.387095,42.032965],[14.387176,42.032954],[14.387286,42.032939],[14.387295,42.032938],[14.387321,42.032935],[14.387431,42.03296],[14.387645,42.033008],[14.387704,42.033014],[14.387836,42.033026],[14.387849,42.033029],[14.387925,42.033043],[14.387969,42.033052],[14.388131,42.033121],[14.388202,42.033151],[14.388373,42.03328],[14.388424,42.033335],[14.388478,42.033358],[14.38872,42.03346],[14.388722,42.033464],[14.38874,42.033492],[14.388793,42.033542],[14.388796,42.033628],[14.388876,42.033686],[14.388946,42.033655],[14.389005,42.033628],[14.389054,42.033606],[14.389109,42.033581],[14.389219,42.0335],[14.389237,42.033472],[14.389263,42.033431],[14.389309,42.03337],[14.389373,42.033285],[14.389438,42.033232],[14.389475,42.033201],[14.389524,42.033162],[14.389568,42.033125],[14.389606,42.033084],[14.38973,42.033002],[14.389821,42.032874],[14.389895,42.03284],[14.389925,42.03281],[14.390078,42.03266],[14.390204,42.03264],[14.390197,42.032581],[14.390182,42.032459],[14.390328,42.032469],[14.390345,42.032475],[14.390394,42.032491],[14.390454,42.032489],[14.390503,42.032487],[14.390578,42.032453],[14.390665,42.032424],[14.390745,42.032396],[14.390824,42.032383],[14.390898,42.032372],[14.390898,42.032399],[14.390902,42.032469],[14.390841,42.032602],[14.390763,42.032813],[14.390828,42.032833],[14.390893,42.032854],[14.391107,42.033011],[14.391569,42.033649],[14.391705,42.033803],[14.392047,42.034248],[14.392064,42.034264],[14.392273,42.034464],[14.392383,42.034554],[14.392398,42.034605],[14.392392,42.034667],[14.392504,42.034831],[14.392746,42.034736],[14.392882,42.034689],[14.392951,42.034679],[14.393021,42.034687],[14.393028,42.034702],[14.393117,42.03476],[14.393256,42.034788],[14.393395,42.034861],[14.393412,42.034995],[14.393368,42.035031],[14.393397,42.035207],[14.393445,42.035303],[14.393499,42.035367],[14.393588,42.035473],[14.393636,42.035549],[14.393517,42.035622],[14.39295,42.036313],[14.392852,42.036401],[14.392751,42.03657],[14.392685,42.036644],[14.392608,42.036753],[14.392543,42.036867],[14.392513,42.03693],[14.392479,42.036978],[14.392396,42.037119],[14.392391,42.037129],[14.392338,42.037146],[14.392251,42.037244],[14.392233,42.037269],[14.392212,42.037291],[14.39216,42.037379],[14.392156,42.037435],[14.392156,42.03746],[14.392107,42.037519],[14.392047,42.03759],[14.391975,42.03766],[14.391748,42.037879],[14.391737,42.037888],[14.391676,42.038329],[14.391573,42.038652],[14.391521,42.038905],[14.391248,42.039204],[14.391115,42.039395],[14.391007,42.039577],[14.390846,42.039813],[14.390703,42.039987]]]]}},
{"type":"Feature","properties":{"fid":32,"gml_id":"CadastralZoning.IT.AGE.MAP.A956_001100","ADMINISTRATIVEUNIT":"A956","foglio":"0011","comune":"BOMBA"},"geometry":{"type":"MultiPolygon","coordinates":[[[[14.347406,42.023948],[14.347403,42.023938],[14.34758,42.023221],[14.347894,42.02263],[14.348461,42.02221],[14.349819,42.02106],[14.349974,42.020689],[14.350227,42.020462],[14.350272,42.020038],[14.350246,42.019252],[14.350395,42.018986],[14.350497,42.018805],[14.35069,42.018273],[14.350821,42.017777],[14.350725,42.017328],[14.350725,42.017321],[14.350688,42.016997],[14.350716,42.016526],[14.350766,42.016213],[14.35114,42.016269],[14.351196,42.016274],[14.351225,42.016277],[14.351367,42.016292],[14.351373,42.016293],[14.35141,42.0163],[14.351464,42.016312],[14.351629,42.016348],[14.35176,42.016376],[14.351811,42.016387],[14.351943,42.016416],[14.351943,42.016416],[14.352229,42.016315],[14.352535,42.016202],[14.352598,42.016186],[14.352677,42.016174],[14.352781,42.016162],[14.352862,42.016215],[14.353096,42.016193],[14.353241,42.016263],[14.353311,42.016256],[14.353441,42.016182],[14.353507,42.016111],[14.3536,42.015978],[14.353843,42.016031],[14.35399,42.016028],[14.354143,42.016057],[14.354279,42.016033],[14.354381,42.016012],[14.354515,42.015945],[14.354541,42.015932],[14.354542,42.015932],[14.354687,42.015862],[14.354919,42.015845],[14.354952,42.015856],[14.354995,42.015871],[14.355057,42.015893],[14.355431,42.016069],[14.355443,42.016075],[14.355472,42.016089],[14.355489,42.016097],[14.355606,42.016153],[14.355646,42.016171],[14.355687,42.016186],[14.355727,42.0162],[14.355924,42.016314],[14.356045,42.016385],[14.356046,42.016385],[14.356196,42.016411],[14.356274,42.016425],[14.356294,42.016428],[14.356374,42.016438],[14.356417,42.016444],[14.356472,42.016451],[14.356526,42.016458],[14.356545,42.016462],[14.356607,42.016477],[14.35674,42.016507],[14.356886,42.016541],[14.356975,42.016598],[14.357154,42.016678],[14.357329,42.016706],[14.357425,42.016722],[14.357448,42.016728],[14.357549,42.016752],[14.357594,42.016763],[14.357653,42.016754],[14.357712,42.016745],[14.357938,42.016709],[14.358015,42.016724],[14.358113,42.016744],[14.358173,42.016732],[14.358199,42.016727],[14.358306,42.016706],[14.358406,42.016778],[14.358647,42.016773],[14.358692,42.016837],[14.35882,42.016927],[14.359013,42.01687],[14.359158,42.016871],[14.359216,42.016888],[14.359338,42.016958],[14.359486,42.017039],[14.359604,42.017061],[14.359617,42.017089],[14.359656,42.017171],[14.359742,42.017222],[14.359774,42.017225],[14.3601,42.017249],[14.360356,42.017268],[14.36049,42.017295],[14.360473,42.017361],[14.360436,42.017443],[14.360432,42.017553],[14.360724,42.017556],[14.360824,42.017609],[14.360836,42.017615],[14.360854,42.017625],[14.360911,42.017659],[14.36097,42.01769],[14.36098,42.017695],[14.361249,42.017839],[14.361391,42.01797],[14.361465,42.01802],[14.361509,42.018041],[14.361724,42.018015],[14.361881,42.018018],[14.361915,42.018018],[14.362061,42.018129],[14.362199,42.018106],[14.362283,42.018119],[14.362408,42.018143],[14.362456,42.018212],[14.36276,42.018174],[14.362917,42.018239],[14.362965,42.018333],[14.363023,42.018372],[14.363173,42.018389],[14.363222,42.018385],[14.363275,42.018349],[14.363307,42.018324],[14.363324,42.018323],[14.363432,42.018325],[14.363519,42.018325],[14.363661,42.018349],[14.363733,42.01841],[14.363817,42.018495],[14.363823,42.01853],[14.363864,42.018634],[14.363996,42.018695],[14.364123,42.018682],[14.364231,42.018666],[14.364277,42.018645],[14.364347,42.018626],[14.364433,42.018598],[14.364548,42.018598],[14.364694,42.018539],[14.364785,42.018504],[14.364942,42.018478],[14.364982,42.018471],[14.365052,42.018493],[14.365196,42.018504],[14.365826,42.018427],[14.366041,42.0184],[14.366106,42.018392],[14.366172,42.018424],[14.366296,42.018552],[14.366342,42.018547],[14.366618,42.018477],[14.366732,42.018454],[14.366827,42.018434],[14.366902,42.018437],[14.366981,42.018441],[14.36709,42.018428],[14.367144,42.018417],[14.367197,42.018407],[14.367289,42.018373],[14.367269,42.018347],[14.367612,42.018185],[14.36777,42.018094],[14.367972,42.018096],[14.368154,42.018088],[14.368383,42.018133],[14.368744,42.018062],[14.368744,42.018082],[14.368729,42.018269],[14.368677,42.01868],[14.368483,42.01881],[14.368329,42.018999],[14.368228,42.01916],[14.368277,42.019341],[14.368346,42.019485],[14.368418,42.019634],[14.368498,42.019789],[14.368529,42.019847],[14.368594,42.019913],[14.368721,42.02003],[14.36884,42.020099],[14.368864,42.020117],[14.368944,42.020167],[14.368987,42.020197],[14.369045,42.020293],[14.369074,42.020348],[14.369105,42.02035],[14.369104,42.020376],[14.369077,42.020384],[14.369151,42.020684],[14.369252,42.021124],[14.369268,42.021121],[14.369289,42.021204],[14.369295,42.021243],[14.369297,42.021253],[14.369316,42.021343],[14.369319,42.021388],[14.369292,42.021394],[14.369263,42.021493],[14.369239,42.021582],[14.369194,42.021881],[14.369153,42.022371],[14.369135,42.022548],[14.369096,42.022664],[14.368976,42.022857],[14.368978,42.022879],[14.368995,42.023034],[14.368685,42.023377],[14.36862,42.023362],[14.368475,42.023382],[14.368386,42.023393],[14.368298,42.0235],[14.368257,42.023555],[14.368316,42.023626],[14.368372,42.023661],[14.368803,42.023909],[14.368769,42.023928],[14.368736,42.023978],[14.368684,42.02407],[14.368738,42.024173],[14.368657,42.024417],[14.368592,42.024643],[14.368538,42.024784],[14.368455,42.024989],[14.368402,42.025119],[14.367795,42.024988],[14.367448,42.024915],[14.36742,42.025016],[14.367382,42.02509],[14.367339,42.025083],[14.367015,42.025041],[14.367025,42.024963],[14.366848,42.024973],[14.366659,42.024959],[14.36665,42.025002],[14.366308,42.024898],[14.366115,42.024853],[14.365872,42.024783],[14.365687,42.024729],[14.365626,42.024778],[14.365595,42.024779],[14.36544,42.024768],[14.365122,42.024735],[14.364953,42.024736],[14.364661,42.02465],[14.364637,42.024643],[14.364572,42.024403],[14.36446,42.024355],[14.364435,42.024383],[14.364389,42.024428],[14.364096,42.024706],[14.363996,42.024767],[14.363991,42.024752],[14.36396,42.024751],[14.363785,42.024738],[14.363584,42.024757],[14.36333,42.024664],[14.363334,42.024578],[14.362948,42.024455],[14.362838,42.024418],[14.362526,42.024305],[14.361981,42.025046],[14.36179,42.025382],[14.361683,42.025569],[14.361551,42.02582],[14.361539,42.025847],[14.361506,42.025846],[14.361413,42.025864],[14.361352,42.025905],[14.361127,42.026014],[14.361025,42.026008],[14.360822,42.025936],[14.36065,42.025812],[14.360556,42.025732],[14.360442,42.025698],[14.359953,42.025455],[14.359879,42.025392],[14.359789,42.025367],[14.359671,42.025324],[14.359629,42.025326],[14.359587,42.025343],[14.359554,42.025379],[14.3595,42.025479],[14.359347,42.025583],[14.35909,42.02567],[14.358955,42.025664],[14.35886,42.025694],[14.358743,42.025737],[14.358665,42.025794],[14.358544,42.02584],[14.358436,42.025859],[14.358247,42.025918],[14.358181,42.025948],[14.358026,42.025966],[14.357873,42.025974],[14.357718,42.02604],[14.357659,42.025996],[14.357675,42.025871],[14.357534,42.025883],[14.357514,42.025857],[14.357545,42.025826],[14.357472,42.025811],[14.357456,42.02575],[14.357458,42.025674],[14.357393,42.025586],[14.357339,42.025555],[14.357237,42.025484],[14.357009,42.025376],[14.356955,42.025325],[14.356862,42.025344],[14.356593,42.025375],[14.35638,42.025373],[14.35637,42.02528],[14.356344,42.025255],[14.356286,42.025374],[14.356217,42.025586],[14.356179,42.025667],[14.356168,42.025691],[14.356153,42.025724],[14.356102,42.025775],[14.355947,42.02581],[14.355922,42.025829],[14.355825,42.025806],[14.355758,42.025879],[14.355598,42.025822],[14.355438,42.025785],[14.355421,42.025862],[14.355399,42.025965],[14.355408,42.025998],[14.355291,42.025975],[14.355178,42.025938],[14.355089,42.025882],[14.354984,42.025804],[14.354893,42.025836],[14.354885,42.025838],[14.354719,42.02578],[14.35468,42.025766],[14.354623,42.025745],[14.354584,42.025735],[14.354382,42.025683],[14.35434,42.025672],[14.354234,42.025646],[14.354165,42.025637],[14.354146,42.025634],[14.354153,42.025618],[14.354016,42.025649],[14.353924,42.025593],[14.353882,42.025594],[14.353857,42.025576],[14.353824,42.025551],[14.3538,42.025487],[14.353783,42.025412],[14.353774,42.025374],[14.353686,42.025368],[14.353606,42.025362],[14.353193,42.025274],[14.353065,42.025248],[14.352894,42.025213],[14.352864,42.025208],[14.352703,42.025165],[14.35261,42.02514],[14.352468,42.025122],[14.352346,42.025106],[14.35224,42.025096],[14.352193,42.025092],[14.351927,42.025143],[14.351443,42.025264],[14.351358,42.025284],[14.351335,42.02529],[14.351208,42.02532],[14.351168,42.025351],[14.351075,42.02537],[14.35096,42.025358],[14.350896,42.025344],[14.350849,42.025334],[14.350801,42.025269],[14.35076,42.025259],[14.350694,42.025244],[14.350574,42.025216],[14.350549,42.025223],[14.350471,42.025247],[14.350333,42.025234],[14.350243,42.02526],[14.350127,42.025293],[14.350134,42.025435],[14.350151,42.02548],[14.350187,42.025577],[14.350329,42.025788],[14.350356,42.025828],[14.350301,42.025853],[14.350276,42.025864],[14.350221,42.025886],[14.350217,42.025888],[14.350057,42.025942],[14.349783,42.026034],[14.349767,42.026039],[14.349756,42.026042],[14.349666,42.026069],[14.349639,42.026048],[14.349481,42.025923],[14.349477,42.025919],[14.349447,42.025889],[14.349361,42.025803],[14.349297,42.025738],[14.349222,42.025559],[14.349208,42.025383],[14.349207,42.025375],[14.349204,42.025338],[14.349191,42.025217],[14.349214,42.025107],[14.349232,42.025018],[14.3493,42.024911],[14.349374,42.024792],[14.349209,42.024744],[14.348823,42.024633],[14.348664,42.024587],[14.347526,42.024224],[14.347406,42.023948]],[[14.353969,42.018908],[14.354111,42.018831],[14.354248,42.018704],[14.354285,42.018651],[14.354026,42.018587],[14.353969,42.018908]],[[14.362108,42.022258],[14.3621,42.022184],[14.36208,42.022119],[14.362075,42.022051],[14.362031,42.022031],[14.362013,42.021887],[14.361982,42.021745],[14.361932,42.021583],[14.361916,42.021549],[14.361869,42.021512],[14.361825,42.021457],[14.361779,42.021317],[14.361763,42.021306],[14.361701,42.021316],[14.361753,42.021338],[14.361787,42.02148],[14.361814,42.021521],[14.361881,42.021564],[14.361899,42.021619],[14.361951,42.02176],[14.361957,42.021801],[14.361973,42.021901],[14.361885,42.021906],[14.361883,42.021825],[14.361882,42.021817],[14.361824,42.021821],[14.36148,42.021931],[14.36093,42.022046],[14.36093,42.022073],[14.360934,42.0222],[14.360945,42.022343],[14.360854,42.022394],[14.3613,42.022382],[14.361756,42.022324],[14.36208,42.022283],[14.362115,42.022274],[14.362108,42.022258]],[[14.363317,42.021552],[14.363416,42.021561],[14.363506,42.021632],[14.363675,42.021663],[14.363744,42.021667],[14.363871,42.021664],[14.363916,42.02163],[14.364129,42.021338],[14.364155,42.021247],[14.364253,42.021142],[14.364197,42.021082],[14.364079,42.020981],[14.363844,42.020845],[14.363676,42.020753],[14.363325,42.020568],[14.363333,42.020544],[14.36335,42.020485],[14.363392,42.020424],[14.363334,42.020374],[14.363362,42.020311],[14.363302,42.020291],[14.363244,42.020281],[14.363303,42.020092],[14.363364,42.019692],[14.363073,42.020053],[14.363045,42.020094],[14.36301,42.020145],[14.362968,42.020137],[14.362947,42.020134],[14.36294,42.020111],[14.362927,42.020065],[14.362911,42.020029],[14.362895,42.020028],[14.362904,42.020066],[14.362865,42.020033],[14.362818,42.019961],[14.362764,42.019975],[14.362763,42.019996],[14.362665,42.020047],[14.362617,42.020021],[14.362585,42.020058],[14.362167,42.020571],[14.362228,42.02061],[14.362454,42.020758],[14.362823,42.02094],[14.362838,42.020864],[14.362877,42.020749],[14.362988,42.02077],[14.363096,42.020792],[14.363093,42.020835],[14.363407,42.020943],[14.363473,42.020962],[14.363396,42.021191],[14.36339,42.021256],[14.363317,42.021552]],[[14.367144,42.019352],[14.367188,42.019348],[14.367139,42.01924],[14.367083,42.019171],[14.367071,42.019143],[14.367083,42.019125],[14.367114,42.019079],[14.367143,42.019069],[14.367006,42.018974],[14.366967,42.018874],[14.366891,42.01882],[14.366767,42.01869],[14.366531,42.018919],[14.366602,42.018939],[14.366598,42.018983],[14.366474,42.018976],[14.366447,42.01913],[14.366612,42.019105],[14.366648,42.019121],[14.366816,42.019096],[14.366852,42.019135],[14.366852,42.019156],[14.366846,42.0192],[14.366812,42.019314],[14.366882,42.019323],[14.366918,42.019201],[14.366985,42.019183],[14.367041,42.019193],[14.367042,42.019309],[14.367144,42.019352]],[[14.362696,42.024007],[14.362792,42.024049],[14.362878,42.023955],[14.362927,42.023935],[14.362993,42.023922],[14.363099,42.023903],[14.363169,42.023918],[14.363122,42.023807],[14.362928,42.023852],[14.362818,42.023846],[14.362745,42.023945],[14.362696,42.024007]]]]}},
{"type":"Feature","properties":{"fid":33,"gml_id":"CadastralZoning.IT.AGE.MAP.A956_0011A0","ADMINISTRATIVEUNIT":"A956","foglio":"0011","comune":"BOMBA"},"geometry":{"type":"MultiPolygon","coordinates":[[[[14.362792,42.024046],[14.362694,42.024004],[14.36282,42.023835],[14.362911,42.02384],[14.363119,42.023808],[14.363166,42.023916],[14.363099,42.02389],[14.362921,42.02393],[14.362867,42.023953],[14.362792,42.024046]]]]}},
{"type":"Feature","properties":{"fid":34,"gml_id":"CadastralZoning.IT.AGE.MAP.A956_0011B0","ADMINISTRATIVEUNIT":"A956","foglio":"0011","comune":"BOMBA"},"geometry":{"type":"MultiPolygon","coordinates":[[[[14.361967,42.022289],[14.361887,42.022301],[14.361757,42.022322],[14.361301,42.022382],[14.361121,42.022387],[14.360847,42.022394],[14.360945,42.022341],[14.36093,42.022194],[14.360925,42.022158],[14.360912,42.022063],[14.360912,42.022036],[14.361471,42.02192],[14.36153,42.021899],[14.36183,42.021795],[14.361891,42.021795],[14.361887,42.021901],[14.361965,42.021896],[14.361959,42.021751],[14.36191,42.021592],[14.361894,42.021545],[14.361823,42.021502],[14.361795,42.021461],[14.361789,42.02144],[14.361759,42.021323],[14.361704,42.021302],[14.36177,42.021291],[14.361787,42.021302],[14.361835,42.02144],[14.361882,42.021494],[14.361931,42.02153],[14.361948,42.021564],[14.361976,42.02166],[14.361989,42.021745],[14.362008,42.021887],[14.362029,42.022036],[14.362078,42.022062],[14.362081,42.0221],[14.362082,42.022123],[14.362098,42.022188],[14.362116,42.022276],[14.362086,42.02228],[14.361967,42.022289]]]]}},
{"type":"Feature","properties":{"fid":35,"gml_id":"CadastralZoning.IT.AGE.MAP.A956_0011C0","ADMINISTRATIVEUNIT":"A956","foglio":"0011","comune":"BOMBA"},"geometry":{"type":"MultiPolygon","coordinates":[[[[14.363262,42.020276],[14.363338,42.020296],[14.363363,42.020302],[14.36333,42.020397],[14.36338,42.020408],[14.363377,42.02042],[14.363388,42.020424],[14.363354,42.020469],[14.363331,42.020518],[14.363329,42.020525],[14.363326,42.020538],[14.363306,42.02057],[14.363343,42.02058],[14.363421,42.020611],[14.363467,42.02063],[14.363477,42.020634],[14.363581,42.0207],[14.363651,42.020736],[14.363693,42.020761],[14.36375,42.02079],[14.363824,42.020824],[14.363975,42.020914],[14.364073,42.020971],[14.364193,42.021068],[14.364252,42.021129],[14.364208,42.021175],[14.364187,42.021195],[14.364149,42.021233],[14.364136,42.021265],[14.364131,42.021318],[14.364131,42.021327],[14.364088,42.021386],[14.364022,42.021472],[14.36392,42.021612],[14.363875,42.021652],[14.363786,42.02165],[14.363722,42.021648],[14.363651,42.021645],[14.363584,42.021641],[14.363512,42.021618],[14.363422,42.02156],[14.363313,42.021546],[14.363395,42.021253],[14.363427,42.021134],[14.363481,42.02095],[14.363416,42.020936],[14.363376,42.020922],[14.363306,42.020897],[14.363184,42.020858],[14.363089,42.020826],[14.363094,42.020789],[14.362987,42.020758],[14.362876,42.020736],[14.362833,42.020846],[14.362818,42.020933],[14.362679,42.020865],[14.362532,42.02079],[14.362445,42.020745],[14.362417,42.020726],[14.362337,42.020674],[14.362237,42.020608],[14.36216,42.020557],[14.362509,42.020145],[14.362589,42.02005],[14.362618,42.020009],[14.36267,42.02004],[14.36276,42.019992],[14.362766,42.019971],[14.362819,42.019957],[14.362888,42.020064],[14.362894,42.02002],[14.362913,42.020026],[14.362905,42.020067],[14.362947,42.020127],[14.363006,42.020137],[14.363132,42.019975],[14.363269,42.019808],[14.363327,42.019736],[14.363363,42.019694],[14.363338,42.019871],[14.363327,42.019934],[14.36331,42.02002],[14.363262,42.020276]]]]}},
{"type":"Feature","properties":{"fid":36,"gml_id":"CadastralZoning.IT.AGE.MAP.A956_0011D0","ADMINISTRATIVEUNIT":"A956","foglio":"0011","comune":"BOMBA"},"geometry":{"type":"MultiPolygon","coordinates":[[[[14.354095,42.018601],[14.354301,42.018629],[14.354266,42.018672],[14.354206,42.018729],[14.354169,42.018765],[14.354122,42.018811],[14.354061,42.01885],[14.353979,42.018895],[14.354028,42.018592],[14.354095,42.018601]]]]}},
{"type":"Feature","properties":{"fid":37,"gml_id":"CadastralZoning.IT.AGE.MAP.A956_0011E0","ADMINISTRATIVEUNIT":"A956","foglio":"0011","comune":"BOMBA"},"geometry":{"type":"MultiPolygon","coordinates":[[[[14.367106,42.019338],[14.367022,42.019301],[14.367026,42.019252],[14.367029,42.019185],[14.366981,42.019171],[14.366956,42.019179],[14.366923,42.019189],[14.366901,42.019188],[14.366874,42.019319],[14.366799,42.019312],[14.366827,42.019195],[14.366836,42.019127],[14.366798,42.019089],[14.366648,42.019115],[14.36661,42.019107],[14.36661,42.019095],[14.366431,42.019125],[14.36644,42.01905],[14.366461,42.018965],[14.366583,42.01898],[14.366583,42.018929],[14.366513,42.018913],[14.366752,42.018688],[14.36695,42.018869],[14.366954,42.018885],[14.366958,42.018907],[14.366963,42.018927],[14.366966,42.018957],[14.366969,42.018967],[14.366998,42.018971],[14.367128,42.019063],[14.367094,42.019078],[14.367056,42.019139],[14.367064,42.019158],[14.367132,42.01924],[14.367136,42.019275],[14.367142,42.019327],[14.367106,42.019338]]]]}},
{"type":"Feature","properties":{"fid":38,"gml_id":"CadastralZoning.IT.AGE.MAP.A956_001200","ADMINISTRATIVEUNIT":"A956","foglio":"0012","comune":"BOMBA"},"geometry":{"type":"MultiPolygon","coordinates":[[[[14.364852,42.017631],[14.364864,42.017636],[14.364914,42.017688],[14.364923,42.017694],[14.364963,42.017689],[14.365018,42.017678],[14.365044,42.017686],[14.365066,42.017698],[14.365099,42.017722],[14.365148,42.017757],[14.36518,42.017781],[14.365196,42.01779],[14.365232,42.017804],[14.365303,42.017839],[14.365361,42.017867],[14.365415,42.017898],[14.365462,42.01793],[14.365502,42.017956],[14.365553,42.017984],[14.365601,42.018001],[14.365644,42.018019],[14.365653,42.018027],[14.365668,42.018039],[14.365696,42.018053],[14.36574,42.01807],[14.365763,42.018071],[14.365795,42.018074],[14.365852,42.01809],[14.365932,42.018113],[14.365965,42.018132],[14.365982,42.018143],[14.366005,42.018151],[14.366043,42.018168],[14.366132,42.018221],[14.366162,42.018236],[14.366262,42.018284],[14.366309,42.018308],[14.366337,42.018322],[14.366371,42.018344],[14.366424,42.018372],[14.366464,42.018376],[14.366526,42.018378],[14.36654,42.018376],[14.36657,42.018366],[14.366631,42.018351],[14.366728,42.01836],[14.366802,42.018368],[14.366815,42.018368],[14.366882,42.018365],[14.366935,42.018363],[14.366998,42.018369],[14.367043,42.018371],[14.367095,42.018376],[14.367112,42.018377],[14.367123,42.018377],[14.367177,42.018384],[14.367269,42.018347],[14.367289,42.018373],[14.367197,42.018407],[14.367144,42.018417],[14.36709,42.018428],[14.366981,42.018441],[14.366827,42.018434],[14.366732,42.018454],[14.366618,42.018477],[14.366487,42.01851],[14.366342,42.018547],[14.366296,42.018552],[14.366172,42.018424],[14.366106,42.018392],[14.366041,42.0184],[14.365826,42.018427],[14.365196,42.018504],[14.365051,42.018492],[14.364982,42.01847],[14.364894,42.018486],[14.364785,42.018504],[14.364694,42.018539],[14.364548,42.018598],[14.364443,42.018598],[14.364433,42.018598],[14.364433,42.018598],[14.364433,42.018598],[14.364367,42.01862],[14.364348,42.018626],[14.364304,42.018638],[14.364277,42.018645],[14.364277,42.018645],[14.364277,42.018646],[14.364257,42.018654],[14.364231,42.018666],[14.364122,42.018682],[14.363996,42.018695],[14.363886,42.018644],[14.363864,42.018634],[14.363856,42.018614],[14.363824,42.01853],[14.363821,42.018517],[14.363817,42.018495],[14.363765,42.018442],[14.363733,42.01841],[14.363708,42.018389],[14.363661,42.018349],[14.363661,42.018349],[14.363661,42.018349],[14.363578,42.018335],[14.363519,42.018325],[14.363432,42.018325],[14.363424,42.018325],[14.363411,42.018325],[14.363324,42.018323],[14.363307,42.018324],[14.363307,42.018324],[14.363275,42.018349],[14.363221,42.018385],[14.363173,42.018389],[14.363083,42.018379],[14.363078,42.018378],[14.363023,42.018372],[14.362965,42.018333],[14.362917,42.018239],[14.362917,42.018239],[14.36276,42.018174],[14.362697,42.018182],[14.36247,42.01821],[14.362456,42.018212],[14.362408,42.018143],[14.362283,42.018119],[14.362199,42.018106],[14.362061,42.018129],[14.361967,42.018057],[14.361963,42.018055],[14.361915,42.018018],[14.361915,42.018018],[14.361881,42.018018],[14.361877,42.018018],[14.361724,42.018015],[14.361518,42.01804],[14.361509,42.018041],[14.361465,42.01802],[14.361415,42.017986],[14.361391,42.01797],[14.361381,42.017961],[14.361249,42.017839],[14.361249,42.017839],[14.361229,42.017828],[14.361205,42.017815],[14.36098,42.017695],[14.360974,42.017692],[14.360937,42.017672],[14.360911,42.017659],[14.360854,42.017625],[14.360844,42.01762],[14.360735,42.017561],[14.360724,42.017556],[14.360724,42.017556],[14.360704,42.017555],[14.360444,42.017553],[14.360432,42.017553],[14.360434,42.01751],[14.360436,42.017443],[14.360444,42.017426],[14.360473,42.017361],[14.36049,42.017295],[14.360356,42.017268],[14.360101,42.017249],[14.360057,42.017246],[14.35982,42.017228],[14.359742,42.017222],[14.359656,42.017171],[14.359617,42.017089],[14.359604,42.017061],[14.359514,42.017044],[14.359486,42.017039],[14.359338,42.016958],[14.359216,42.016888],[14.359158,42.016871],[14.35908,42.016871],[14.359049,42.016871],[14.359013,42.01687],[14.359013,42.01687],[14.35882,42.016927],[14.35882,42.016927],[14.358815,42.016924],[14.358692,42.016837],[14.358647,42.016773],[14.358647,42.016773],[14.358647,42.016773],[14.358564,42.016775],[14.358406,42.016778],[14.358306,42.016706],[14.358252,42.016717],[14.358199,42.016727],[14.358199,42.016727],[14.358199,42.016727],[14.358113,42.016744],[14.357938,42.016709],[14.357712,42.016745],[14.357594,42.016763],[14.357448,42.016728],[14.357425,42.016722],[14.357278,42.016698],[14.357154,42.016678],[14.356975,42.016598],[14.356886,42.016541],[14.35674,42.016507],[14.356607,42.016477],[14.356526,42.016457],[14.356417,42.016444],[14.356374,42.016438],[14.356275,42.016425],[14.356045,42.016385],[14.355924,42.016314],[14.355727,42.0162],[14.355687,42.016186],[14.355646,42.016171],[14.355606,42.016153],[14.355489,42.016097],[14.355458,42.016082],[14.355431,42.016069],[14.355057,42.015893],[14.354968,42.015862],[14.354919,42.015845],[14.354761,42.015856],[14.354687,42.015862],[14.354542,42.015932],[14.354541,42.015932],[14.354521,42.015942],[14.354515,42.015945],[14.354381,42.016012],[14.35436,42.016017],[14.354278,42.016034],[14.354143,42.016057],[14.354013,42.016033],[14.353989,42.016028],[14.353871,42.016031],[14.353843,42.016031],[14.3536,42.015978],[14.3536,42.015978],[14.3536,42.015978],[14.353549,42.016052],[14.353543,42.016059],[14.353507,42.016111],[14.353441,42.016182],[14.353336,42.016242],[14.353311,42.016256],[14.353291,42.016258],[14.353241,42.016263],[14.353096,42.016193],[14.352863,42.016215],[14.352833,42.016196],[14.352781,42.016162],[14.352677,42.016174],[14.352598,42.016186],[14.352535,42.016202],[14.352244,42.016309],[14.352157,42.01634],[14.35214,42.016346],[14.351943,42.016416],[14.351943,42.016416],[14.351943,42.016416],[14.351811,42.016387],[14.35176,42.016376],[14.351629,42.016348],[14.351464,42.016312],[14.351374,42.016293],[14.351225,42.016277],[14.351133,42.016267],[14.350839,42.016224],[14.350778,42.016215],[14.350766,42.016213],[14.350915,42.015997],[14.351026,42.015849],[14.35107,42.015789],[14.351121,42.01572],[14.351206,42.015604],[14.351232,42.01557],[14.351314,42.015432],[14.351412,42.015279],[14.351518,42.015103],[14.351557,42.015039],[14.351775,42.014821],[14.351917,42.014679],[14.351947,42.014649],[14.352027,42.014571],[14.352076,42.01452],[14.352131,42.014457],[14.352186,42.014391],[14.352216,42.014349],[14.352353,42.014276],[14.352659,42.014097],[14.352864,42.013979],[14.353111,42.013841],[14.353335,42.013708],[14.353424,42.013655],[14.353439,42.013643],[14.3535,42.013561],[14.353693,42.013314],[14.353818,42.013153],[14.353925,42.013016],[14.353996,42.012924],[14.354047,42.012888],[14.354213,42.012771],[14.354387,42.012649],[14.35456,42.012532],[14.354665,42.012459],[14.354721,42.012419],[14.354781,42.012371],[14.354988,42.012212],[14.355199,42.012053],[14.355292,42.01198],[14.355413,42.011855],[14.355566,42.011704],[14.35573,42.01153],[14.355869,42.011388],[14.355957,42.011302],[14.355983,42.011275],[14.356147,42.011173],[14.356346,42.011047],[14.356505,42.010951],[14.356651,42.0109],[14.356749,42.010867],[14.356853,42.010751],[14.356894,42.010702],[14.356892,42.010668],[14.356893,42.010527],[14.356887,42.010435],[14.356783,42.010305],[14.35669,42.010194],[14.356608,42.010096],[14.356555,42.01003],[14.356558,42.009851],[14.356568,42.009611],[14.356572,42.009444],[14.356576,42.009365],[14.356603,42.0092],[14.356633,42.009009],[14.356672,42.008784],[14.356703,42.008601],[14.356754,42.008381],[14.356803,42.008173],[14.35686,42.007919],[14.356865,42.007896],[14.357256,42.007947],[14.357287,42.00798],[14.357457,42.00817],[14.357628,42.008364],[14.357753,42.008506],[14.357903,42.008675],[14.358016,42.008802],[14.358119,42.008924],[14.358232,42.009055],[14.358326,42.009164],[14.35843,42.009286],[14.358444,42.009311],[14.358514,42.009399],[14.358661,42.009589],[14.358903,42.009889],[14.358997,42.010007],[14.359105,42.010147],[14.359181,42.010242],[14.359291,42.010376],[14.359426,42.010552],[14.359588,42.010641],[14.359857,42.010795],[14.359975,42.010864],[14.360016,42.010934],[14.360066,42.011023],[14.36017,42.011203],[14.360278,42.011386],[14.360445,42.011689],[14.360611,42.011987],[14.360719,42.012172],[14.360892,42.012473],[14.361013,42.012688],[14.361162,42.012788],[14.361291,42.01287],[14.361384,42.012934],[14.361523,42.013025],[14.361549,42.013045],[14.361555,42.013093],[14.361568,42.013172],[14.361576,42.013236],[14.361583,42.013318],[14.361601,42.013374],[14.361605,42.013394],[14.361605,42.013433],[14.361603,42.013467],[14.361594,42.013505],[14.361584,42.013554],[14.361591,42.013613],[14.361593,42.013646],[14.361564,42.013692],[14.3615,42.013809],[14.361441,42.013917],[14.3614,42.013963],[14.361318,42.014043],[14.361299,42.014071],[14.361297,42.014108],[14.361297,42.014144],[14.361304,42.014166],[14.361326,42.014221],[14.361369,42.014294],[14.361379,42.014317],[14.361388,42.01436],[14.361401,42.01441],[14.361402,42.014432],[14.361398,42.014512],[14.361395,42.014579],[14.361393,42.014653],[14.361398,42.014722],[14.361433,42.014745],[14.36147,42.014763],[14.361548,42.014808],[14.361661,42.014872],[14.361775,42.014937],[14.361982,42.015049],[14.362197,42.015168],[14.362365,42.015265],[14.362381,42.015275],[14.36242,42.015302],[14.3625,42.015369],[14.362527,42.015421],[14.362587,42.015554],[14.362641,42.015667],[14.362676,42.015734],[14.362745,42.01588],[14.36279,42.015975],[14.362922,42.016251],[14.36299,42.016398],[14.36306,42.016422],[14.36314,42.016448],[14.363158,42.016462],[14.363184,42.016481],[14.363381,42.016653],[14.363571,42.016822],[14.36374,42.016971],[14.363963,42.017162],[14.364118,42.017296],[14.36422,42.017388],[14.364333,42.017486],[14.36434,42.017498],[14.364428,42.017457],[14.364602,42.017532],[14.364852,42.017631]]]]}},
{"type":"Feature","properties":{"fid":39,"gml_id":"CadastralZoning.IT.AGE.MAP.A956_001300","ADMINISTRATIVEUNIT":"A956","foglio":"0013","comune":"BOMBA"},"geometry":{"type":"MultiPolygon","coordinates":[[[[14.367669,42.027241],[14.367669,42.027241],[14.367697,42.027194],[14.36774,42.02712],[14.367778,42.027005],[14.36782,42.026831],[14.367834,42.026775],[14.367862,42.026661],[14.367866,42.026645],[14.367875,42.026607],[14.367883,42.026489],[14.367886,42.026437],[14.367944,42.026319],[14.367981,42.026243],[14.368036,42.026155],[14.368041,42.026131],[14.368066,42.025999],[14.368077,42.025939],[14.368078,42.025933],[14.368095,42.025831],[14.36811,42.025766],[14.368116,42.025742],[14.368124,42.025706],[14.368147,42.025672],[14.368218,42.025569],[14.368256,42.025514],[14.368256,42.025514],[14.368341,42.025286],[14.368404,42.025118],[14.368597,42.02463],[14.36887,42.02445],[14.36886,42.024367],[14.368753,42.024213],[14.368674,42.024068],[14.368775,42.023922],[14.368803,42.02391],[14.368406,42.023679],[14.368322,42.023627],[14.368253,42.0236],[14.36826,42.023546],[14.368391,42.023391],[14.368631,42.023357],[14.368686,42.023374],[14.369002,42.023032],[14.368982,42.022889],[14.369062,42.022714],[14.369109,42.022647],[14.369142,42.022554],[14.369149,42.022432],[14.369162,42.022235],[14.369183,42.021999],[14.36921,42.021751],[14.36924,42.021562],[14.369297,42.021387],[14.369319,42.021358],[14.369307,42.021265],[14.369272,42.02112],[14.369251,42.021123],[14.369078,42.020374],[14.369104,42.020377],[14.369098,42.020348],[14.369073,42.020341],[14.368983,42.020195],[14.368917,42.020142],[14.368854,42.020101],[14.36883,42.020087],[14.368723,42.02002],[14.368541,42.019851],[14.368409,42.019627],[14.368271,42.019327],[14.368223,42.019152],[14.368288,42.019053],[14.368473,42.018811],[14.368673,42.018661],[14.368727,42.018247],[14.368733,42.01807],[14.368732,42.018056],[14.368848,42.018029],[14.369058,42.018117],[14.369184,42.018103],[14.369303,42.01812],[14.369633,42.018116],[14.369732,42.018118],[14.369889,42.018069],[14.369981,42.018044],[14.370288,42.018007],[14.370353,42.018055],[14.370375,42.018069],[14.370443,42.018083],[14.370613,42.018076],[14.370635,42.018073],[14.370637,42.018041],[14.370655,42.018041],[14.370684,42.018041],[14.370794,42.018052],[14.370993,42.018088],[14.371245,42.018132],[14.37156,42.018221],[14.371603,42.018147],[14.371969,42.018066],[14.372189,42.018093],[14.372265,42.018017],[14.372371,42.017911],[14.372591,42.017891],[14.372662,42.017808],[14.372777,42.017649],[14.372939,42.017646],[14.373237,42.017417],[14.373365,42.017349],[14.373806,42.01728],[14.37386,42.017221],[14.373937,42.017228],[14.373968,42.017231],[14.374121,42.017231],[14.374429,42.01719],[14.374583,42.017118],[14.374709,42.017059],[14.374749,42.017038],[14.37494,42.016978],[14.375091,42.016934],[14.375278,42.016877],[14.375414,42.016954],[14.375652,42.016845],[14.375769,42.016794],[14.375938,42.016753],[14.376555,42.016782],[14.376927,42.016801],[14.377146,42.016784],[14.377214,42.016814],[14.377611,42.017004],[14.377682,42.017034],[14.377871,42.017104],[14.378002,42.017052],[14.378148,42.017061],[14.378332,42.017066],[14.37851,42.017072],[14.378602,42.017087],[14.37887,42.017131],[14.379006,42.017033],[14.379085,42.01713],[14.379191,42.017186],[14.379266,42.017197],[14.379471,42.017278],[14.379562,42.017401],[14.379656,42.017413],[14.37993,42.017453],[14.379958,42.017482],[14.380018,42.017509],[14.380012,42.01757],[14.379964,42.017621],[14.379974,42.017651],[14.379991,42.017725],[14.379974,42.017756],[14.379975,42.017787],[14.379971,42.017802],[14.380043,42.017854],[14.380001,42.017894],[14.380001,42.01794],[14.380003,42.017971],[14.379964,42.017998],[14.379916,42.018038],[14.379915,42.018105],[14.3799,42.01819],[14.37987,42.018222],[14.379841,42.018366],[14.379784,42.018604],[14.379747,42.018682],[14.37978,42.01881],[14.379777,42.018849],[14.37989,42.019142],[14.379913,42.019218],[14.380011,42.019392],[14.380204,42.019517],[14.3803,42.019567],[14.380385,42.019621],[14.380396,42.01971],[14.380426,42.019755],[14.380471,42.019807],[14.380489,42.01993],[14.380476,42.019961],[14.380486,42.0201],[14.380494,42.020171],[14.380481,42.020248],[14.380452,42.02038],[14.380434,42.020572],[14.380467,42.020603],[14.38044,42.020662],[14.380411,42.020772],[14.380514,42.02088],[14.38051,42.020925],[14.380479,42.020955],[14.380401,42.020958],[14.380287,42.020965],[14.38013,42.021039],[14.380024,42.021141],[14.379934,42.021168],[14.379799,42.021256],[14.379782,42.021293],[14.379768,42.021342],[14.379827,42.021545],[14.37987,42.021668],[14.379872,42.021905],[14.379866,42.021975],[14.379877,42.022048],[14.379882,42.02213],[14.379884,42.022182],[14.379887,42.022291],[14.379859,42.022378],[14.379804,42.022374],[14.379448,42.022458],[14.379163,42.022471],[14.379017,42.022478],[14.378944,42.022471],[14.378787,42.02262],[14.378809,42.022682],[14.37888,42.022756],[14.378908,42.022793],[14.379016,42.022752],[14.379023,42.022831],[14.379017,42.02289],[14.379164,42.022914],[14.379292,42.022927],[14.379226,42.023157],[14.37921,42.023239],[14.379132,42.023391],[14.379104,42.023388],[14.379092,42.023392],[14.378996,42.023372],[14.378997,42.02343],[14.378975,42.023556],[14.379108,42.023595],[14.379037,42.02368],[14.378945,42.023648],[14.378892,42.023637],[14.378831,42.023621],[14.378747,42.02359],[14.378761,42.023542],[14.378773,42.023466],[14.378711,42.023451],[14.378664,42.023451],[14.378601,42.023443],[14.378527,42.023422],[14.378459,42.023401],[14.378375,42.023572],[14.378318,42.023715],[14.378302,42.023779],[14.378115,42.024196],[14.378087,42.024292],[14.378063,42.024317],[14.37806,42.02437],[14.378001,42.024373],[14.377866,42.024387],[14.377897,42.024456],[14.37795,42.024604],[14.378101,42.024959],[14.378161,42.025146],[14.378248,42.025365],[14.378283,42.025454],[14.378394,42.025719],[14.378556,42.025711],[14.378651,42.025719],[14.378649,42.025761],[14.378649,42.025997],[14.378656,42.026203],[14.378521,42.026156],[14.37849,42.026212],[14.378578,42.026271],[14.378656,42.026322],[14.378731,42.026365],[14.378716,42.026409],[14.378723,42.02644],[14.378671,42.026506],[14.378597,42.026594],[14.37869,42.026663],[14.378294,42.026854],[14.37822,42.026787],[14.378128,42.026835],[14.378016,42.026912],[14.377904,42.026973],[14.377768,42.027062],[14.377667,42.027129],[14.377788,42.02722],[14.377835,42.027298],[14.377911,42.027343],[14.377978,42.027451],[14.378027,42.027551],[14.37807,42.02775],[14.378073,42.027774],[14.377953,42.027845],[14.377794,42.027865],[14.377833,42.028078],[14.377881,42.028425],[14.37781,42.028732],[14.377778,42.028953],[14.377803,42.029135],[14.377826,42.029178],[14.377858,42.029254],[14.378111,42.029273],[14.378173,42.029299],[14.378406,42.029335],[14.378602,42.029313],[14.378604,42.029337],[14.378593,42.029409],[14.378534,42.02946],[14.378572,42.029517],[14.378557,42.029678],[14.378604,42.029671],[14.378703,42.029759],[14.378767,42.029782],[14.378629,42.029842],[14.378563,42.029857],[14.378705,42.030006],[14.378814,42.030091],[14.378775,42.030149],[14.378736,42.030234],[14.378514,42.030325],[14.378464,42.030321],[14.378384,42.030316],[14.378187,42.030395],[14.378107,42.030455],[14.378158,42.030546],[14.378189,42.030601],[14.378311,42.030743],[14.378357,42.030769],[14.3784,42.030782],[14.378635,42.030834],[14.378793,42.030837],[14.378813,42.030866],[14.378769,42.030906],[14.378752,42.03094],[14.377736,42.031262],[14.377649,42.031133],[14.377475,42.03107],[14.377152,42.030953],[14.377102,42.030953],[14.377022,42.030908],[14.376987,42.030866],[14.376863,42.030884],[14.376712,42.030928],[14.376667,42.030955],[14.376614,42.030988],[14.376431,42.031089],[14.376106,42.031242],[14.375594,42.031509],[14.375323,42.031588],[14.375261,42.031512],[14.375197,42.031411],[14.375388,42.031313],[14.3749,42.031276],[14.374383,42.03124],[14.374433,42.031398],[14.374485,42.031459],[14.374471,42.031572],[14.374552,42.031759],[14.374565,42.031943],[14.374598,42.032054],[14.374519,42.032185],[14.374485,42.032261],[14.374354,42.032446],[14.374235,42.032695],[14.374175,42.032755],[14.373949,42.032906],[14.373835,42.032956],[14.373691,42.032949],[14.37349,42.032966],[14.373448,42.033],[14.373361,42.033025],[14.37328,42.03312],[14.373197,42.033151],[14.373147,42.033121],[14.373123,42.033063],[14.373117,42.03297],[14.373112,42.032907],[14.3731,42.032837],[14.373049,42.032676],[14.373033,42.032593],[14.373037,42.032555],[14.373042,42.032512],[14.37301,42.032349],[14.372981,42.032259],[14.37311,42.032244],[14.373073,42.032177],[14.372923,42.031926],[14.372732,42.031626],[14.372583,42.03169],[14.372498,42.031688],[14.372404,42.031703],[14.372312,42.031703],[14.372213,42.031673],[14.372107,42.03161],[14.372025,42.031596],[14.371964,42.031565],[14.371894,42.03156],[14.371789,42.031596],[14.371714,42.031627],[14.371661,42.031695],[14.371605,42.031742],[14.371537,42.031966],[14.371444,42.032062],[14.371313,42.032143],[14.371194,42.03228],[14.371047,42.032401],[14.370907,42.032465],[14.370777,42.03247],[14.370568,42.032443],[14.370458,42.032455],[14.370367,42.032443],[14.370275,42.032405],[14.370182,42.032409],[14.370077,42.032434],[14.369967,42.032451],[14.369821,42.032448],[14.369716,42.032481],[14.369619,42.032502],[14.36955,42.032479],[14.36938,42.032469],[14.369287,42.032444],[14.369212,42.032383],[14.36916,42.032255],[14.369061,42.032203],[14.368971,42.032133],[14.368825,42.032024],[14.36854,42.031934],[14.368484,42.031883],[14.368415,42.031844],[14.368352,42.031839],[14.368221,42.0319],[14.368107,42.031974],[14.368014,42.032082],[14.367932,42.032147],[14.367852,42.032222],[14.367718,42.032268],[14.367579,42.03237],[14.367502,42.032392],[14.367493,42.032373],[14.367563,42.03235],[14.367645,42.032285],[14.367704,42.03224],[14.367786,42.032217],[14.367845,42.032162],[14.367949,42.032075],[14.368005,42.032013],[14.368024,42.031992],[14.368059,42.031966],[14.368072,42.031955],[14.368085,42.031946],[14.368117,42.031921],[14.368117,42.031921],[14.368117,42.031921],[14.367716,42.031927],[14.367556,42.031918],[14.367491,42.031915],[14.367478,42.031834],[14.367476,42.031824],[14.367475,42.03182],[14.367452,42.031784],[14.367443,42.031783],[14.367376,42.031779],[14.367326,42.03178],[14.367286,42.031781],[14.367304,42.031734],[14.367351,42.03168],[14.367395,42.031689],[14.367474,42.0317],[14.367484,42.031666],[14.367488,42.031648],[14.367501,42.031605],[14.367504,42.031596],[14.367509,42.03158],[14.367529,42.031486],[14.367445,42.031477],[14.367446,42.031457],[14.367456,42.031422],[14.36747,42.031388],[14.367663,42.031402],[14.36788,42.031406],[14.367888,42.031311],[14.36789,42.031292],[14.367861,42.031291],[14.367603,42.031286],[14.367607,42.031217],[14.367608,42.031206],[14.367598,42.031206],[14.367579,42.031205],[14.367582,42.031164],[14.367584,42.031133],[14.367507,42.031136],[14.3675,42.031136],[14.367468,42.031137],[14.367468,42.03111],[14.367468,42.031002],[14.367467,42.030964],[14.367465,42.030899],[14.367472,42.030898],[14.367479,42.030896],[14.36748,42.030832],[14.367505,42.030727],[14.367525,42.030675],[14.36754,42.030636],[14.367546,42.030621],[14.367572,42.030559],[14.367577,42.030548],[14.367625,42.030496],[14.367666,42.030451],[14.36753,42.030425],[14.367494,42.030403],[14.367515,42.030359],[14.367546,42.030375],[14.367578,42.030295],[14.367548,42.03028],[14.367602,42.03021],[14.367445,42.030158],[14.367318,42.030138],[14.36733,42.030118],[14.367344,42.030103],[14.367359,42.030087],[14.367433,42.03001],[14.367594,42.030012],[14.367599,42.030012],[14.367626,42.030016],[14.367641,42.030018],[14.367685,42.030025],[14.367737,42.030034],[14.367737,42.030034],[14.367826,42.030007],[14.367847,42.030017],[14.367868,42.029982],[14.367882,42.029959],[14.367898,42.029936],[14.367873,42.029906],[14.36787,42.029902],[14.367869,42.029893],[14.367868,42.029809],[14.367816,42.029762],[14.367809,42.029756],[14.367749,42.029699],[14.367714,42.029673],[14.367692,42.029656],[14.367628,42.029606],[14.367614,42.029596],[14.367688,42.029583],[14.367688,42.029583],[14.367688,42.029583],[14.367675,42.029543],[14.36765,42.029468],[14.367639,42.029471],[14.367617,42.029476],[14.367549,42.029488],[14.36755,42.029462],[14.36755,42.029454],[14.367547,42.029408],[14.367543,42.029347],[14.367541,42.029303],[14.367541,42.029303],[14.367534,42.029204],[14.367532,42.02918],[14.367531,42.029167],[14.367526,42.029167],[14.36752,42.029168],[14.367516,42.029134],[14.367512,42.029105],[14.367507,42.029092],[14.367485,42.029046],[14.367482,42.029039],[14.36748,42.029035],[14.367446,42.02898],[14.367412,42.028899],[14.367347,42.028742],[14.36734,42.028727],[14.367311,42.02866],[14.367286,42.028607],[14.367268,42.02856],[14.367236,42.028481],[14.367233,42.028453],[14.367227,42.028394],[14.367225,42.028369],[14.36722,42.028361],[14.367213,42.02835],[14.367183,42.028303],[14.36718,42.028298],[14.367179,42.028288],[14.36718,42.028276],[14.36718,42.028273],[14.367188,42.028215],[14.367188,42.02819],[14.367188,42.028173],[14.367188,42.028136],[14.367208,42.028039],[14.367215,42.028009],[14.367282,42.027847],[14.367282,42.027847],[14.367278,42.02783],[14.367294,42.027797],[14.367317,42.027748],[14.367324,42.027732],[14.36734,42.027733],[14.36735,42.027693],[14.367353,42.027681],[14.367358,42.027673],[14.367373,42.027648],[14.36739,42.027623],[14.367419,42.027582],[14.367429,42.027567],[14.367484,42.027489],[14.367601,42.027319],[14.367604,42.027316],[14.367623,42.027287],[14.36763,42.027275],[14.367669,42.027241]],[[14.368319,42.027986],[14.368343,42.0279],[14.368411,42.027775],[14.36821,42.027733],[14.368266,42.027676],[14.368258,42.027595],[14.368184,42.027479],[14.36805,42.027439],[14.36791,42.027384],[14.367967,42.027289],[14.367825,42.027269],[14.367818,42.02728],[14.367776,42.027343],[14.367748,42.027336],[14.367735,42.027354],[14.367632,42.027516],[14.367641,42.027519],[14.367557,42.027652],[14.367563,42.027654],[14.367548,42.027675],[14.367545,42.027673],[14.367533,42.027688],[14.367495,42.027748],[14.367429,42.027819],[14.367429,42.027866],[14.36731,42.028122],[14.367305,42.02839],[14.367309,42.028462],[14.367341,42.028524],[14.367393,42.028617],[14.367394,42.028619],[14.367443,42.02861],[14.367451,42.028548],[14.367481,42.0285],[14.367495,42.02845],[14.367497,42.028406],[14.367455,42.028369],[14.36743,42.028344],[14.367438,42.028325],[14.367446,42.028301],[14.367391,42.028238],[14.367415,42.028172],[14.367439,42.028173],[14.367453,42.028174],[14.367579,42.027888],[14.367602,42.027826],[14.367723,42.027864],[14.367831,42.027874],[14.367885,42.027867],[14.368067,42.027896],[14.368075,42.027848],[14.368104,42.027839],[14.368319,42.027986]],[[14.370734,42.021969],[14.370755,42.021944],[14.37081,42.021931],[14.370839,42.02191],[14.370871,42.021924],[14.370912,42.021867],[14.370956,42.021832],[14.371002,42.021769],[14.370966,42.021773],[14.370851,42.021779],[14.37077,42.021716],[14.3707,42.021682],[14.370528,42.021616],[14.370472,42.021602],[14.370424,42.021608],[14.370348,42.02173],[14.370331,42.021724],[14.370288,42.021787],[14.370376,42.021804],[14.370489,42.021865],[14.370614,42.021916],[14.370684,42.021956],[14.370734,42.021969]],[[14.368887,42.019751],[14.36886,42.019787],[14.368734,42.019884],[14.368824,42.019984],[14.369037,42.020128],[14.36916,42.020259],[14.369198,42.020349],[14.369395,42.02031],[14.369329,42.020148],[14.369285,42.020126],[14.369215,42.020121],[14.369195,42.020096],[14.369289,42.020007],[14.369508,42.019863],[14.369595,42.019668],[14.369742,42.019348],[14.369714,42.019343],[14.369729,42.019206],[14.369563,42.019122],[14.369358,42.019064],[14.369274,42.019055],[14.369327,42.019277],[14.36941,42.019485],[14.369254,42.019569],[14.369179,42.019591],[14.369117,42.019624],[14.368887,42.019751]],[[14.368437,42.031049],[14.368414,42.031034],[14.368366,42.030975],[14.368315,42.030908],[14.368231,42.030829],[14.368217,42.030745],[14.368117,42.03074],[14.368126,42.030694],[14.368102,42.030691],[14.368016,42.030687],[14.367912,42.030684],[14.367763,42.030672],[14.367571,42.030657],[14.367508,42.030808],[14.367503,42.030874],[14.3675,42.030895],[14.367508,42.031124],[14.367908,42.031104],[14.368018,42.031098],[14.368048,42.031107],[14.36813,42.031097],[14.368206,42.031111],[14.368249,42.031117],[14.368316,42.031121],[14.36838,42.031081],[14.368402,42.031058],[14.368437,42.031049]]]]}},
{"type":"Feature","properties":{"fid":40,"gml_id":"CadastralZoning.IT.AGE.MAP.A956_0013A0","ADMINISTRATIVEUNIT":"A956","foglio":"0013","comune":"BOMBA"},"geometry":{"type":"MultiPolygon","coordinates":[[[[14.370885,42.021883],[14.370863,42.021909],[14.370842,42.021935],[14.37081,42.021921],[14.370785,42.021945],[14.370717,42.021954],[14.3707,42.021986],[14.370674,42.021977],[14.370651,42.021967],[14.370555,42.021917],[14.370491,42.021891],[14.370431,42.021871],[14.370341,42.021818],[14.370254,42.0218],[14.370295,42.021735],[14.370313,42.021742],[14.370429,42.021614],[14.37049,42.021623],[14.370541,42.021643],[14.370664,42.021693],[14.370753,42.021741],[14.370819,42.021791],[14.370954,42.021781],[14.370916,42.021852],[14.370885,42.021883]]]]}},
{"type":"Feature","properties":{"fid":41,"gml_id":"CadastralZoning.IT.AGE.MAP.A956_0013B0","ADMINISTRATIVEUNIT":"A956","foglio":"0013","comune":"BOMBA"},"geometry":{"type":"MultiPolygon","coordinates":[[[[14.379513,42.022432],[14.379634,42.022404],[14.379787,42.022367],[14.379861,42.022377],[14.379867,42.022407],[14.379982,42.022568],[14.380023,42.022616],[14.380074,42.02266],[14.380129,42.022707],[14.380183,42.022833],[14.380107,42.022845],[14.380061,42.022859],[14.38003,42.022903],[14.380002,42.02298],[14.379993,42.023017],[14.379942,42.02308],[14.379862,42.023211],[14.37982,42.023268],[14.379748,42.023326],[14.379674,42.023377],[14.37963,42.023408],[14.379588,42.023447],[14.379546,42.023465],[14.379522,42.023476],[14.379507,42.023487],[14.379497,42.023494],[14.379477,42.023508],[14.379437,42.023527],[14.37937,42.023559],[14.379354,42.023564],[14.379333,42.023571],[14.379169,42.023625],[14.379044,42.023668],[14.379032,42.023662],[14.379094,42.023586],[14.379029,42.02357],[14.378963,42.023551],[14.378982,42.02343],[14.378972,42.023351],[14.379042,42.02337],[14.37909,42.023384],[14.379095,42.023381],[14.379116,42.023387],[14.379203,42.023212],[14.379226,42.023103],[14.379255,42.023009],[14.379274,42.022932],[14.379276,42.022916],[14.37917,42.022901],[14.379031,42.022882],[14.379002,42.022878],[14.379013,42.022822],[14.379002,42.022738],[14.37889,42.022787],[14.378866,42.022748],[14.378787,42.022666],[14.378781,42.022595],[14.378926,42.02246],[14.37895,42.022459],[14.378985,42.022467],[14.379132,42.022463],[14.379293,42.022459],[14.379434,42.022446],[14.379513,42.022432]]]]}},
{"type":"Feature","properties":{"fid":42,"gml_id":"CadastralZoning.IT.AGE.MAP.A956_0013C0","ADMINISTRATIVEUNIT":"A956","foglio":"0013","comune":"BOMBA"},"geometry":{"type":"MultiPolygon","coordinates":[[[[14.36761,42.032138],[14.367846,42.032162],[14.367808,42.032196],[14.367787,42.032217],[14.367756,42.032227],[14.367717,42.032236],[14.367703,42.032241],[14.367692,42.032251],[14.367633,42.032303],[14.367573,42.032362],[14.367513,42.032366],[14.367489,42.032354],[14.367475,42.032286],[14.367492,42.032255],[14.367476,42.032242],[14.367478,42.032222],[14.367481,42.032204],[14.367483,42.032187],[14.367485,42.032168],[14.367487,42.032156],[14.367472,42.03212],[14.36761,42.032138]]]]}},
{"type":"Feature","properties":{"fid":43,"gml_id":"CadastralZoning.IT.AGE.MAP.A956_0013D0","ADMINISTRATIVEUNIT":"A956","foglio":"0013","comune":"BOMBA"},"geometry":{"type":"MultiPolygon","coordinates":[[[[14.367535,42.030884],[14.367536,42.03087],[14.367533,42.030799],[14.36759,42.030662],[14.367845,42.030683],[14.368051,42.030695],[14.368121,42.030699],[14.368145,42.0307],[14.368131,42.030741],[14.368238,42.030751],[14.368249,42.030827],[14.368332,42.030909],[14.368389,42.030984],[14.368436,42.031036],[14.368446,42.031052],[14.368409,42.031067],[14.368372,42.031103],[14.368333,42.031126],[14.368251,42.031124],[14.368192,42.031112],[14.368144,42.031103],[14.368067,42.03111],[14.368058,42.031104],[14.367666,42.031122],[14.367547,42.031123],[14.367545,42.031074],[14.367543,42.031043],[14.367541,42.031],[14.367539,42.030964],[14.367537,42.03091],[14.367535,42.030884]]]]}},
{"type":"Feature","properties":{"fid":44,"gml_id":"CadastralZoning.IT.AGE.MAP.A956_0013E0","ADMINISTRATIVEUNIT":"A956","foglio":"0013","comune":"BOMBA"},"geometry":{"type":"MultiPolygon","coordinates":[[[[14.367406,42.028612],[14.36738,42.02855],[14.367342,42.028461],[14.367334,42.028416],[14.367328,42.028377],[14.367327,42.028346],[14.367327,42.028288],[14.367326,42.028233],[14.367325,42.028202],[14.367327,42.028167],[14.367333,42.028115],[14.367333,42.028109],[14.367395,42.02797],[14.36743,42.027896],[14.367449,42.027855],[14.36745,42.027819],[14.367544,42.027693],[14.367538,42.027692],[14.367541,42.027688],[14.367553,42.027673],[14.367556,42.027674],[14.367571,42.027653],[14.367565,42.027651],[14.367621,42.027566],[14.367655,42.027514],[14.367646,42.027511],[14.367705,42.02742],[14.367742,42.027363],[14.367753,42.027346],[14.367757,42.027341],[14.367759,42.027337],[14.367761,42.027334],[14.367789,42.027342],[14.367836,42.027274],[14.367979,42.027295],[14.367919,42.02738],[14.368053,42.027437],[14.368096,42.02746],[14.368186,42.027473],[14.368244,42.027566],[14.368263,42.027612],[14.368265,42.02767],[14.368212,42.027729],[14.368414,42.027777],[14.368383,42.027833],[14.368348,42.027897],[14.36832,42.027987],[14.368096,42.027826],[14.36808,42.027844],[14.368066,42.027897],[14.36795,42.027872],[14.367892,42.027869],[14.36786,42.027871],[14.367737,42.027857],[14.367617,42.027818],[14.367605,42.027841],[14.367598,42.027868],[14.367589,42.027904],[14.367562,42.027942],[14.367545,42.027979],[14.367522,42.028041],[14.367462,42.028171],[14.36743,42.028171],[14.367412,42.028237],[14.367453,42.028294],[14.367435,42.028322],[14.367458,42.028358],[14.367464,42.028367],[14.367507,42.028399],[14.367514,42.028447],[14.367495,42.028498],[14.367477,42.028526],[14.367465,42.028547],[14.367459,42.028608],[14.367459,42.028611],[14.367407,42.028615],[14.367406,42.028612]]]]}},
{"type":"Feature","properties":{"fid":45,"gml_id":"CadastralZoning.IT.AGE.MAP.A956_0013F0","ADMINISTRATIVEUNIT":"A956","foglio":"0013","comune":"BOMBA"},"geometry":{"type":"MultiPolygon","coordinates":[[[[14.37819,42.024277],[14.378129,42.024323],[14.378054,42.024365],[14.378048,42.024311],[14.37807,42.024288],[14.378086,42.024245],[14.378106,42.0242],[14.378129,42.024149],[14.378152,42.024088],[14.378181,42.02402],[14.378224,42.023933],[14.37824,42.023893],[14.37826,42.023848],[14.378298,42.02375],[14.378319,42.023672],[14.378346,42.023603],[14.378364,42.023562],[14.37839,42.023525],[14.378402,42.023488],[14.378417,42.023455],[14.378429,42.023422],[14.378446,42.023391],[14.378576,42.023432],[14.378692,42.023441],[14.378762,42.02346],[14.378746,42.023551],[14.378725,42.02358],[14.378818,42.023616],[14.378939,42.023641],[14.378972,42.023653],[14.379046,42.023672],[14.378956,42.023703],[14.37885,42.023745],[14.378823,42.023761],[14.378747,42.023805],[14.378708,42.023841],[14.378668,42.023877],[14.378629,42.023912],[14.37861,42.023929],[14.378552,42.023987],[14.378481,42.024058],[14.378461,42.024073],[14.378371,42.024143],[14.378295,42.0242],[14.378238,42.024242],[14.37819,42.024277]]]]}},
{"type":"Feature","properties":{"fid":46,"gml_id":"CadastralZoning.IT.AGE.MAP.A956_0013G0","ADMINISTRATIVEUNIT":"A956","foglio":"0013","comune":"BOMBA"},"geometry":{"type":"MultiPolygon","coordinates":[[[[14.369569,42.019727],[14.369512,42.019851],[14.369413,42.019925],[14.369293,42.019997],[14.369203,42.020091],[14.369217,42.020109],[14.369278,42.020114],[14.369325,42.02013],[14.369406,42.020308],[14.369228,42.020341],[14.369163,42.020345],[14.36916,42.020336],[14.36918,42.020334],[14.369156,42.02026],[14.369145,42.020248],[14.369096,42.020189],[14.369048,42.020133],[14.369013,42.020107],[14.368873,42.020012],[14.368823,42.019976],[14.368745,42.019886],[14.368868,42.019779],[14.36888,42.019749],[14.369179,42.019586],[14.369257,42.019564],[14.36941,42.019479],[14.369332,42.019288],[14.369303,42.019158],[14.369278,42.019047],[14.369363,42.019053],[14.369434,42.019071],[14.369567,42.01911],[14.369611,42.01913],[14.36973,42.019186],[14.369733,42.019236],[14.369723,42.019321],[14.36973,42.019341],[14.369747,42.019344],[14.369659,42.019539],[14.369614,42.01963],[14.369569,42.019727]]]]}},
{"type":"Feature","properties":{"fid":47,"gml_id":"CadastralZoning.IT.AGE.MAP.A956_001400","ADMINISTRATIVEUNIT":"A956","foglio":"0014","comune":"BOMBA"},"geometry":{"type":"MultiPolygon","coordinates":[[[[14.378084,42.027777],[14.37807,42.027755],[14.37807,42.027755],[14.378027,42.027551],[14.377978,42.027451],[14.37792,42.027349],[14.377847,42.027294],[14.377804,42.02724],[14.377788,42.02722],[14.377787,42.02722],[14.377667,42.027129],[14.377904,42.026973],[14.378016,42.026912],[14.378128,42.026835],[14.378219,42.026787],[14.378294,42.026854],[14.378645,42.026684],[14.37869,42.026663],[14.378685,42.02666],[14.378598,42.026597],[14.378602,42.026592],[14.378671,42.026506],[14.378723,42.02644],[14.378716,42.026409],[14.378716,42.026409],[14.378731,42.026365],[14.378656,42.026322],[14.378646,42.026315],[14.378582,42.026273],[14.37849,42.026212],[14.378489,42.026213],[14.378521,42.026156],[14.378582,42.026177],[14.378656,42.026203],[14.378651,42.025894],[14.378651,42.025719],[14.378546,42.025717],[14.378449,42.025718],[14.378394,42.025719],[14.378326,42.025555],[14.378283,42.025454],[14.378267,42.025414],[14.378266,42.025411],[14.378265,42.025408],[14.378248,42.025365],[14.378197,42.025235],[14.378153,42.025122],[14.378101,42.024959],[14.378063,42.02487],[14.377949,42.024602],[14.3779,42.024462],[14.3779,42.024462],[14.377866,42.024387],[14.378002,42.02438],[14.378067,42.024373],[14.378063,42.024317],[14.378087,42.024292],[14.378115,42.024196],[14.378302,42.023779],[14.378318,42.023715],[14.378375,42.023572],[14.378459,42.023401],[14.378527,42.023422],[14.378601,42.023443],[14.378664,42.023451],[14.378711,42.023451],[14.378773,42.023466],[14.378761,42.023542],[14.378747,42.02359],[14.378831,42.023621],[14.378892,42.023637],[14.378945,42.023648],[14.379026,42.023676],[14.379037,42.02368],[14.379047,42.023667],[14.379108,42.023595],[14.378975,42.023556],[14.378997,42.02343],[14.378996,42.023372],[14.379092,42.023392],[14.379104,42.023388],[14.379132,42.023391],[14.37921,42.023239],[14.379226,42.023157],[14.379292,42.022927],[14.379164,42.022914],[14.379017,42.02289],[14.379023,42.022831],[14.379016,42.022752],[14.378908,42.022793],[14.37888,42.022756],[14.378809,42.022682],[14.378787,42.02262],[14.378944,42.022471],[14.379017,42.022478],[14.379163,42.022471],[14.379448,42.022458],[14.379804,42.022374],[14.379861,42.022377],[14.379877,42.022323],[14.379882,42.022308],[14.379887,42.022291],[14.379886,42.022278],[14.37988,42.022134],[14.379877,42.022048],[14.379866,42.021975],[14.379871,42.021905],[14.379873,42.021871],[14.379877,42.021819],[14.37987,42.021668],[14.379868,42.02166],[14.379833,42.021552],[14.379803,42.021455],[14.3798,42.021448],[14.379793,42.021425],[14.379768,42.021341],[14.379782,42.021293],[14.379799,42.021256],[14.379934,42.021168],[14.380015,42.021137],[14.38013,42.021039],[14.380287,42.020965],[14.380403,42.020959],[14.380411,42.020958],[14.380479,42.020955],[14.380503,42.020931],[14.38051,42.020925],[14.380511,42.020918],[14.380511,42.020917],[14.380514,42.02088],[14.380411,42.020772],[14.380436,42.020654],[14.380467,42.020603],[14.380435,42.020573],[14.380439,42.020533],[14.380453,42.02038],[14.380479,42.020248],[14.380494,42.020171],[14.380495,42.020093],[14.380489,42.020058],[14.380485,42.020029],[14.380484,42.020026],[14.380473,42.019955],[14.380486,42.019917],[14.380474,42.019826],[14.380474,42.019826],[14.380471,42.019807],[14.380436,42.019762],[14.380428,42.019751],[14.380396,42.01971],[14.380393,42.019688],[14.380385,42.019621],[14.380294,42.019566],[14.380258,42.019545],[14.380205,42.019517],[14.380173,42.019496],[14.380011,42.019392],[14.379913,42.019218],[14.379892,42.019148],[14.37989,42.019143],[14.37989,42.019142],[14.37989,42.019142],[14.379778,42.018849],[14.379778,42.018835],[14.37978,42.01881],[14.379747,42.018682],[14.379784,42.018604],[14.379785,42.018598],[14.379841,42.018366],[14.379859,42.018277],[14.37987,42.018222],[14.379885,42.018206],[14.3799,42.01819],[14.3799,42.01819],[14.379905,42.018157],[14.379915,42.018105],[14.379916,42.018038],[14.379963,42.018001],[14.37998,42.017988],[14.380003,42.017971],[14.380001,42.01794],[14.380001,42.017894],[14.380034,42.017862],[14.380043,42.017854],[14.379971,42.017802],[14.379971,42.017796],[14.379972,42.017786],[14.379973,42.017767],[14.379974,42.017757],[14.379974,42.017756],[14.379978,42.017749],[14.379978,42.017748],[14.379996,42.017715],[14.379983,42.017677],[14.379982,42.017676],[14.379974,42.017651],[14.379967,42.01763],[14.379964,42.017622],[14.379995,42.017588],[14.380012,42.01757],[14.380018,42.017509],[14.380076,42.017494],[14.380763,42.017506],[14.380806,42.017544],[14.380889,42.017566],[14.381068,42.017736],[14.381129,42.017768],[14.381312,42.017812],[14.381454,42.017863],[14.381484,42.017881],[14.381605,42.01796],[14.381742,42.017962],[14.381851,42.018249],[14.382061,42.018434],[14.382252,42.018614],[14.3823,42.01867],[14.382641,42.019057],[14.382755,42.01915],[14.382936,42.019308],[14.383247,42.019529],[14.383363,42.019599],[14.383509,42.019673],[14.384112,42.019986],[14.384423,42.020173],[14.384777,42.020363],[14.384834,42.020409],[14.384836,42.020457],[14.38484,42.020506],[14.384929,42.020525],[14.385055,42.020531],[14.38511,42.020527],[14.385117,42.020547],[14.385128,42.020569],[14.385241,42.020567],[14.385325,42.020578],[14.385483,42.020595],[14.385507,42.020606],[14.385602,42.020648],[14.385711,42.020669],[14.385925,42.020791],[14.386055,42.020861],[14.386099,42.020976],[14.386181,42.021083],[14.386219,42.021211],[14.386373,42.021407],[14.386498,42.021416],[14.386613,42.021403],[14.386847,42.021385],[14.386937,42.021406],[14.386947,42.021413],[14.387033,42.021473],[14.387069,42.021487],[14.387104,42.021499],[14.38751,42.021541],[14.387539,42.021552],[14.387648,42.021562],[14.387805,42.021614],[14.387826,42.021723],[14.387841,42.021731],[14.387897,42.021767],[14.387933,42.02182],[14.387942,42.021825],[14.388128,42.021945],[14.388164,42.021937],[14.388168,42.021945],[14.388222,42.022069],[14.388352,42.022134],[14.388394,42.022205],[14.388602,42.022397],[14.388591,42.02247],[14.388641,42.022555],[14.388879,42.022683],[14.388972,42.022785],[14.38898,42.022796],[14.389001,42.022821],[14.389224,42.022916],[14.389335,42.022938],[14.389426,42.022989],[14.389517,42.023024],[14.389712,42.023095],[14.389842,42.023122],[14.39001,42.023175],[14.390291,42.023287],[14.390402,42.023321],[14.390576,42.023426],[14.390586,42.023433],[14.390648,42.023451],[14.390763,42.023559],[14.390891,42.023589],[14.391074,42.023683],[14.391409,42.024222],[14.391447,42.024351],[14.391409,42.024523],[14.391378,42.024675],[14.391373,42.024985],[14.391332,42.025077],[14.391271,42.025194],[14.391591,42.025805],[14.391653,42.026189],[14.39185,42.026288],[14.391766,42.026496],[14.391889,42.02652],[14.391796,42.026652],[14.391618,42.026689],[14.391567,42.026761],[14.391576,42.02677],[14.391621,42.026826],[14.391779,42.027213],[14.391749,42.027346],[14.391644,42.027506],[14.39153,42.027758],[14.391351,42.028028],[14.391178,42.028383],[14.391119,42.028499],[14.391037,42.028637],[14.390995,42.028716],[14.390961,42.028777],[14.39088,42.028902],[14.390806,42.029071],[14.390793,42.029108],[14.390984,42.029384],[14.391002,42.029449],[14.391122,42.029541],[14.391225,42.029796],[14.391243,42.029937],[14.391272,42.030116],[14.391299,42.030283],[14.391297,42.030292],[14.391213,42.030463],[14.391177,42.030542],[14.391132,42.03063],[14.391101,42.030691],[14.390969,42.030978],[14.390957,42.031019],[14.390911,42.031501],[14.390913,42.031657],[14.390929,42.031814],[14.39091,42.032072],[14.390909,42.032162],[14.390898,42.032372],[14.390745,42.032396],[14.390665,42.032424],[14.390578,42.032453],[14.390503,42.032487],[14.390394,42.032491],[14.390328,42.032469],[14.390182,42.032459],[14.39019,42.032528],[14.390204,42.03264],[14.390078,42.03266],[14.389937,42.032798],[14.389895,42.03284],[14.389821,42.032874],[14.389772,42.032943],[14.38973,42.033002],[14.389606,42.033084],[14.389568,42.033125],[14.389494,42.033186],[14.389481,42.033196],[14.389438,42.033232],[14.389373,42.033285],[14.389263,42.033431],[14.389219,42.0335],[14.389109,42.033581],[14.388876,42.033686],[14.388796,42.033628],[14.388793,42.033542],[14.38874,42.033492],[14.38872,42.03346],[14.388478,42.033358],[14.388424,42.033335],[14.388373,42.03328],[14.388202,42.033151],[14.387969,42.033052],[14.387907,42.03304],[14.387836,42.033026],[14.387645,42.033008],[14.38732,42.032935],[14.387286,42.032939],[14.387176,42.032954],[14.387095,42.032965],[14.386974,42.032959],[14.386561,42.03305],[14.386443,42.03309],[14.386352,42.03311],[14.386087,42.033158],[14.385892,42.033223],[14.385759,42.033295],[14.385685,42.033342],[14.385468,42.033414],[14.385318,42.033427],[14.385301,42.033428],[14.385245,42.033433],[14.38514,42.033468],[14.384852,42.033563],[14.384818,42.033568],[14.384617,42.033595],[14.384517,42.033644],[14.384416,42.033713],[14.38431,42.033785],[14.384074,42.033945],[14.383995,42.03397],[14.383912,42.033996],[14.38386,42.034006],[14.383731,42.03403],[14.383584,42.034058],[14.383509,42.034079],[14.383032,42.033942],[14.382741,42.033805],[14.382613,42.033714],[14.382502,42.033592],[14.382419,42.033488],[14.38233,42.033377],[14.382264,42.03331],[14.38225,42.03327],[14.382212,42.033166],[14.382163,42.033112],[14.382106,42.033098],[14.382081,42.033058],[14.38212,42.032978],[14.382147,42.032939],[14.382169,42.032909],[14.382165,42.032776],[14.38218,42.03274],[14.382181,42.032699],[14.382133,42.032666],[14.381762,42.03255],[14.381558,42.032484],[14.381528,42.032511],[14.38129,42.032826],[14.381216,42.032924],[14.381198,42.032972],[14.38119,42.03299],[14.381054,42.033141],[14.381044,42.033158],[14.381023,42.033195],[14.381015,42.033211],[14.381013,42.033214],[14.380987,42.033238],[14.380941,42.033282],[14.380938,42.033295],[14.380933,42.033317],[14.38091,42.033343],[14.38083,42.033432],[14.380649,42.033377],[14.380664,42.033355],[14.380595,42.033338],[14.380413,42.033293],[14.38028,42.03326],[14.380295,42.03314],[14.38027,42.033106],[14.38012,42.033048],[14.379906,42.032966],[14.379777,42.032916],[14.379646,42.032865],[14.379622,42.032813],[14.379547,42.032723],[14.37954,42.032716],[14.379528,42.032702],[14.379488,42.032658],[14.379467,42.032589],[14.379452,42.032538],[14.379414,42.032447],[14.379422,42.032424],[14.379439,42.032374],[14.379499,42.032286],[14.379495,42.032276],[14.379463,42.032207],[14.379189,42.032153],[14.379016,42.032136],[14.378889,42.032169],[14.378829,42.032137],[14.378791,42.032118],[14.37864,42.032041],[14.378579,42.03201],[14.378474,42.031978],[14.378399,42.031956],[14.378372,42.031948],[14.378276,42.031918],[14.378099,42.031858],[14.377883,42.031792],[14.377853,42.031693],[14.377797,42.03151],[14.377783,42.031466],[14.377774,42.031437],[14.377761,42.031395],[14.377756,42.031373],[14.377744,42.031322],[14.377737,42.031259],[14.377952,42.031199],[14.378301,42.031084],[14.378752,42.030941],[14.378759,42.030916],[14.378811,42.030872],[14.378789,42.030841],[14.378633,42.03083],[14.378404,42.030785],[14.378392,42.030783],[14.378382,42.030779],[14.378381,42.030778],[14.378333,42.030757],[14.378322,42.030752],[14.378194,42.0306],[14.378174,42.030567],[14.378107,42.030455],[14.378167,42.030408],[14.378191,42.03039],[14.378225,42.030377],[14.378384,42.030316],[14.378415,42.030318],[14.378416,42.030318],[14.3785,42.030324],[14.378502,42.030324],[14.378514,42.030325],[14.378736,42.030234],[14.378772,42.030155],[14.378775,42.030149],[14.378803,42.030107],[14.378814,42.030091],[14.378705,42.030006],[14.378563,42.029857],[14.378629,42.029842],[14.378767,42.029782],[14.378703,42.029759],[14.378604,42.029671],[14.378557,42.029678],[14.378572,42.029517],[14.37853,42.02946],[14.378588,42.029409],[14.378604,42.029337],[14.378604,42.029337],[14.378603,42.02933],[14.3786,42.029313],[14.378406,42.029335],[14.378173,42.029299],[14.378153,42.029291],[14.378111,42.029273],[14.37786,42.029254],[14.377808,42.029146],[14.377803,42.029135],[14.377778,42.028953],[14.37781,42.028732],[14.377878,42.028437],[14.37786,42.028255],[14.37786,42.028252],[14.377853,42.028176],[14.377832,42.028067],[14.377794,42.027865],[14.377814,42.027863],[14.377953,42.027845],[14.378084,42.027777]],[[14.379938,42.025218],[14.380068,42.025213],[14.380308,42.025033],[14.380386,42.025017],[14.380579,42.024977],[14.380569,42.024646],[14.380577,42.024614],[14.380796,42.024663],[14.38087,42.024736],[14.380998,42.024799],[14.381108,42.024819],[14.381245,42.024812],[14.381256,42.024811],[14.381367,42.024765],[14.381445,42.02474],[14.381455,42.024736],[14.381595,42.024723],[14.381944,42.024483],[14.382143,42.024324],[14.382342,42.024185],[14.382334,42.02415],[14.382286,42.024081],[14.382267,42.023978],[14.382225,42.023847],[14.382133,42.023323],[14.382109,42.023323],[14.382051,42.023437],[14.382008,42.023536],[14.381972,42.023595],[14.381922,42.023684],[14.381352,42.023632],[14.381092,42.023631],[14.380674,42.023623],[14.380717,42.023553],[14.380735,42.023517],[14.380732,42.023451],[14.38072,42.023361],[14.38073,42.023306],[14.380721,42.023266],[14.380712,42.023174],[14.380718,42.023096],[14.380702,42.023079],[14.38041,42.023231],[14.380392,42.023209],[14.380299,42.023224],[14.380298,42.023163],[14.380292,42.023111],[14.380237,42.023022],[14.380164,42.022947],[14.380069,42.022966],[14.380044,42.023044],[14.379885,42.023286],[14.379815,42.023356],[14.379738,42.023405],[14.379653,42.023464],[14.379558,42.02352],[14.379497,42.023556],[14.3794,42.023592],[14.379359,42.023614],[14.378899,42.02378],[14.378782,42.023842],[14.378558,42.024064],[14.378187,42.02435],[14.378094,42.024481],[14.378142,42.024499],[14.378384,42.024564],[14.37851,42.024596],[14.378651,42.024636],[14.378793,42.024675],[14.378918,42.024686],[14.379262,42.024713],[14.379387,42.02473],[14.379488,42.024746],[14.379568,42.024839],[14.379679,42.025089],[14.379701,42.025234],[14.379724,42.025329],[14.379771,42.025217],[14.379938,42.025218]]]]}},
{"type":"Feature","properties":{"fid":48,"gml_id":"CadastralZoning.IT.AGE.MAP.A956_0014A0","ADMINISTRATIVEUNIT":"A956","foglio":"0014","comune":"BOMBA"},"geometry":{"type":"MultiPolygon","coordinates":[[[[14.380411,42.023238],[14.38047,42.023202],[14.38058,42.023142],[14.380649,42.023103],[14.380717,42.023063],[14.380728,42.023085],[14.380721,42.023134],[14.380705,42.023209],[14.380732,42.023284],[14.38072,42.023355],[14.380727,42.023403],[14.380732,42.023439],[14.380733,42.023465],[14.380731,42.023512],[14.380728,42.02353],[14.380721,42.023548],[14.380687,42.023592],[14.380667,42.023619],[14.380831,42.023623],[14.380861,42.023624],[14.381078,42.023628],[14.381197,42.023631],[14.381332,42.023634],[14.381398,42.023639],[14.381601,42.023657],[14.381797,42.023671],[14.381921,42.023682],[14.381968,42.023596],[14.382009,42.023526],[14.38205,42.023443],[14.382076,42.02338],[14.3821,42.023324],[14.382127,42.023323],[14.38213,42.023345],[14.38217,42.023537],[14.382181,42.023599],[14.382186,42.023614],[14.382195,42.023665],[14.382208,42.023741],[14.382222,42.023825],[14.382226,42.02385],[14.382229,42.02386],[14.382239,42.023885],[14.382259,42.023932],[14.382266,42.023971],[14.382281,42.024047],[14.382285,42.024077],[14.382305,42.02411],[14.382332,42.024151],[14.382338,42.024192],[14.382298,42.024221],[14.382239,42.02426],[14.382149,42.024321],[14.382084,42.024363],[14.382054,42.024389],[14.381986,42.024445],[14.381934,42.024489],[14.381896,42.024515],[14.381802,42.024581],[14.381783,42.024594],[14.381732,42.024617],[14.381708,42.024627],[14.381652,42.02467],[14.381591,42.024713],[14.381507,42.024726],[14.38145,42.024736],[14.381423,42.024744],[14.38132,42.024777],[14.381254,42.024812],[14.381123,42.024817],[14.3811,42.024818],[14.380983,42.024794],[14.380921,42.024761],[14.380851,42.024721],[14.38079,42.024668],[14.380782,42.024662],[14.380665,42.024634],[14.380583,42.024616],[14.380569,42.024645],[14.380577,42.024862],[14.38058,42.024974],[14.38047,42.024997],[14.380359,42.025022],[14.380301,42.025036],[14.380264,42.025064],[14.38022,42.025097],[14.380146,42.025157],[14.380072,42.025213],[14.379773,42.025215],[14.379717,42.025345],[14.379702,42.025248],[14.379687,42.025151],[14.379674,42.025078],[14.379651,42.025022],[14.379623,42.024956],[14.379595,42.024888],[14.379573,42.024837],[14.37956,42.02482],[14.379498,42.024749],[14.37949,42.024741],[14.379378,42.024721],[14.379263,42.024701],[14.379132,42.024702],[14.379056,42.024698],[14.378948,42.024689],[14.37879,42.024676],[14.378683,42.024647],[14.378511,42.024601],[14.378354,42.024557],[14.378205,42.024518],[14.378151,42.024502],[14.378086,42.024481],[14.378115,42.02445],[14.37815,42.024401],[14.378188,42.024351],[14.378239,42.024306],[14.378247,42.024299],[14.378272,42.024282],[14.378311,42.024255],[14.37837,42.024213],[14.378449,42.024151],[14.378536,42.024084],[14.378609,42.024015],[14.378673,42.023946],[14.378727,42.023897],[14.378773,42.023854],[14.378783,42.023845],[14.378884,42.023785],[14.378892,42.02378],[14.378955,42.023754],[14.379076,42.023709],[14.379115,42.023696],[14.379272,42.023645],[14.379367,42.023613],[14.379403,42.023596],[14.379436,42.023582],[14.379515,42.023553],[14.379567,42.023517],[14.379626,42.023491],[14.379677,42.023448],[14.379742,42.023402],[14.37982,42.023348],[14.379874,42.023296],[14.379884,42.023287],[14.37992,42.023236],[14.379969,42.023158],[14.380004,42.023099],[14.38004,42.023051],[14.38006,42.023],[14.380072,42.022963],[14.380158,42.022942],[14.380174,42.022954],[14.380241,42.023015],[14.380248,42.023028],[14.380283,42.023083],[14.380298,42.023109],[14.380301,42.023155],[14.380305,42.023221],[14.380398,42.023206],[14.380411,42.023238]]]]}}
]
}
